0,WHAT DO YOU KNOW ABOUT *,*,*,<template>#Newline      <sraix service="pannous">WHAT IS <star/></sraix>#Newline    </template>,sraix.aiml
0,DISCONNECT,*,*,<template>#Newline      <sraix service="pannous">DISCONNECT</sraix>#Newline    </template>,sraix.aiml
0,RELEASE,*,*,<template>#Newline      <sraix service="pannous">RELEASE</sraix>#Newline    </template>,sraix.aiml
0,HOW MUCH IS *,*,*,<template>#Newline      <think>#Newline      <set var="formula"><srai>MATHFORMULA <star/></srai></set>#Newline      </think>#Newline      <condition var="formula">#Newline      <li value="NOT A MATH FORMULA"><sraix service="pannous">HOW MUCH IS <star/></sraix></li>#Newline      <li>#Newline      <condition name="jsenabled">#Newline      <li value="true"><javascript><get var="formula"/></javascript></li>#Newline      <li><sraix service="pannous">HOW MUCH IS <star/></sraix></li>#Newline      </condition>#Newline      </li>#Newline      </condition>#Newline    </template>,sraix.aiml
0,WHAT IS <SET>ARTICLE</SET> *,*,*,<template>#Newline      <think><set var="wndef"><srai>DEFINE <star index="2"/></srai></set></think>#Newline      <condition var="wndef">#Newline      <li value="unknown"><sraix service="pannous">WHAT IS <star/> <star index="2"/></sraix></li>#Newline      <li><get var="wndef"/></li>#Newline      </condition>#Newline    </template>,sraix.aiml
0,WHAT IS *,*,*,<template>#Newline      <think>#Newline      <set var="formula"><srai>MATHFORMULA <star/></srai></set>#Newline      </think>#Newline      <condition var="formula">#Newline      <li value="NOT A MATH FORMULA">#Newline      <think><set var="wndef"><srai>DEFINE <star/></srai></set></think>#Newline      <condition var="wndef">#Newline      <li value="unknown"><sraix service="pannous">WHAT IS <star/></sraix></li>#Newline      <li><get var="wndef"/></li>#Newline      </condition>#Newline      </li>#Newline      <li>#Newline      <condition name="jsenabled">#Newline      <li value="true"><javascript><get var="formula"/></javascript></li>#Newline      <li><sraix service="pannous">WHAT IS <star/></sraix></li>#Newline      </condition>#Newline      </li>#Newline      </condition>#Newline    </template>,sraix.aiml
0,SCHEDULEDESCRIPTION * SCHEDULEREQUEST *,*,*,<template>#Newline      <think><set name="sraix"><sraix default="SCHEDULEFAILED" hint="event" service="pannous"><star index="2"/></sraix></set></think>#Newline      <condition name="sraix">#Newline      <li value="SCHEDULEFAILED">I'm unable to schedule that event from this device.</li>#Newline      <li>I'll put that event on your calendar.#Newline      <oob><schedule><title><star/></title><description><lowercase><star index="2"/></lowercase></description><get name="sraix"/></schedule></oob></li>#Newline      </condition>#Newline    </template>,sraix.aiml
0,ALARMMESSAGE * ALARMREQUEST *,*,*,<template>#Newline      <think><set name="sraix"><sraix default="ALARMFAILED" hint="event" service="pannous"><star index="2"/></sraix></set></think>#Newline      <condition name="sraix">#Newline      <li value="ALARMFAILED">I'm unable to set an alarm on this device.</li>#Newline      <li>I'll <lowercase><person><star index="2"/></person></lowercase>.#Newline      <oob><alarm><message><star/></message><get name="sraix"/></alarm></oob></li>#Newline      </condition>#Newline    </template>,sraix.aiml
0,DO *,*,*,<template>#Newline      <sraix service="pannous">DO <star/></sraix>#Newline    </template>,sraix.aiml
0,DO THE *,*,*,<template>#Newline      <sraix service="pannous">DO THE <star/></sraix>#Newline    </template>,sraix.aiml
0,DO YOU KNOW HOW TO MAKE *,*,*,<template>#Newline      <sraix service="pannous">HOW DO YOU MAKE <star/></sraix>#Newline    </template>,sraix.aiml
0,ARE *,*,*,<template>#Newline      <sraix service="pannous">ARE <star/></sraix>#Newline    </template>,sraix.aiml
0,ARE THERE ANY *,*,*,<template>#Newline      <sraix service="pannous">ARE THERE ANY <star/></sraix>#Newline    </template>,sraix.aiml
0,ARE THERE *,*,*,<template>#Newline      <sraix service="pannous">ARE THERE <star/></sraix>#Newline    </template>,sraix.aiml
0,ARE THERE ALIENS,*,*,<template>#Newline      <sraix service="pannous">ARE THERE ALIENS</sraix>#Newline    </template>,sraix.aiml
0,ARE ALIENS REAL,*,*,<template>#Newline      <sraix service="pannous">ARE ALIENS REAL</sraix>#Newline    </template>,sraix.aiml
0,TELL ME ABOUT *,*,*,<template>#Newline      <sraix service="pannous">WHAT IS <star/></sraix>#Newline    </template>,sraix.aiml
0,SHOW ME THE NEWS,*,*,<template>#Newline      <sraix service="pannous">WHAT IS THE LATEST NEWS</sraix>#Newline    </template>,sraix.aiml
0,SHOW ME THE FLAG OF *,*,*,<template>#Newline      <sraix service="pannous">SHOW ME THE FLAG OF <star/></sraix>#Newline    </template>,sraix.aiml
0,I WANT TO *,*,*,<template>#Newline      <sraix service="pannous">HOW DO I <star/></sraix>#Newline    </template>,sraix.aiml
0,I WANT TO LEARN HOW *,*,*,<template>#Newline      <sraix service="pannous">HOW <star/></sraix>#Newline    </template>,sraix.aiml
0,RECIPE FOR *,*,*,<template>#Newline      <sraix service="pannous">RECIPE FOR <star/></sraix>#Newline    </template>,sraix.aiml
0,TRANSLATE *,*,*,<template>#Newline      <sraix service="pannous">TRANSLATE <star/></sraix>#Newline    </template>,sraix.aiml
0,MAKE AN APPOINTMENT *,*,*,<template>#Newline      <srai>SCHEDULEDESCRIPTION <star/> SCHEDULEREQUEST MAKE AN APPOINTMENT <star/></srai>#Newline    </template>,sraix.aiml
0,MAKE ME * APPOINTMENT *,*,*,<template>#Newline      <srai>SCHEDULEDESCRIPTION <star/> APPOINTMENT SCHEDULEREQUEST MAKE ME <star/> APPOINTMENT <star index="2"/></srai>#Newline    </template>,sraix.aiml
0,MAKE A * APPOINTMENT *,*,*,<template>#Newline      <srai>SCHEDULEDESCRIPTION <star/> APPOINTMENT SCHEDULEREQUEST MAKE A <star/> APPOINTMENT <star index="2"/></srai>#Newline    </template>,sraix.aiml
0,SET AN APPOINTMENT *,*,*,<template>#Newline      <srai>SCHEDULEDESCRIPTION <star/> SCHEDULEREQUEST SET AN APPOINTMENT <star/></srai>#Newline    </template>,sraix.aiml
0,REMIND ME <SET>PREPOSITION</SET> *,*,*,<template>#Newline      <srai>SCHEDULEDESCRIPTION <star index="2"/> SCHEDULEREQUEST REMIND ME <star/> <star index="2"/></srai>#Newline    </template>,sraix.aiml
0,REMIND ME *,*,*,<template>#Newline      <srai>SCHEDULEDESCRIPTION <star/> SCHEDULEREQUEST REMIND ME <star/></srai>#Newline    </template>,sraix.aiml
0,REMIND ME TO GET *,*,*,<template>#Newline      <srai>SCHEDULEDESCRIPTION <star/> SCHEDULEREQUEST REMIND ME TO GET <star/></srai>#Newline    </template>,sraix.aiml
0,REMIND ME TO CALL *,*,*,<template>#Newline      <srai>SCHEDULEDESCRIPTION <star/> SCHEDULEREQUEST REMIND ME TO CALL <star/></srai>#Newline    </template>,sraix.aiml
0,REMIND ME TO TAKE *,*,*,<template>#Newline      <srai>SCHEDULEDESCRIPTION <star/> SCHEDULEREQUEST REMIND ME TO TAKE <star/></srai>#Newline    </template>,sraix.aiml
0,REMIND ME TO PICK UP *,*,*,<template>#Newline      <srai>SCHEDULEDESCRIPTION <star/> SCHEDULEREQUEST REMIND ME TO PICK UP <star/></srai>#Newline    </template>,sraix.aiml
0,REMIND ME TO GO TO *,*,*,<template>#Newline      <srai>SCHEDULEDESCRIPTION <star/> SCHEDULEREQUEST REMIND ME TO GO TO <star/></srai>#Newline    </template>,sraix.aiml
0,REMIND ME TO GO TO THE *,*,*,<template>#Newline      <srai>SCHEDULEDESCRIPTION <star/> SCHEDULEREQUEST REMIND ME TO GO TO THE <star/></srai>#Newline    </template>,sraix.aiml
0,REMIND ME TO GO *,*,*,<template>#Newline      <srai>SCHEDULEDESCRIPTION <star/> SCHEDULEREQUEST REMIND ME TO GO <star/></srai>#Newline    </template>,sraix.aiml
0,REMIND ME TO *,*,*,<template>#Newline      <srai>SCHEDULEDESCRIPTION <star/> SCHEDULEREQUEST REMIND ME TO <star/></srai>#Newline    </template>,sraix.aiml
0,REMIND ME TO WAKE UP AT *,*,*,<template>#Newline      <srai>ALARMMESSAGE Wake up ALARMREQUEST REMIND ME TO WAKE UP AT </srai>#Newline    </template>,sraix.aiml
0,REMIND ME TO WAKE UP AT * TOMORROW,*,*,<template>#Newline      <srai>ALARMMESSAGE Wake up ALARMREQUEST REMIND ME TO WAKE UP AT <star/> TOMORROW</srai>#Newline    </template>,sraix.aiml
0,REMIND ME TO WAKE UP TOMORROW,*,*,<template>#Newline      <srai>ALARMMESSAGE Wake up ALARMREQUEST REMIND ME TO WAKE UP TOMORROW</srai>#Newline    </template>,sraix.aiml
0,REMIND ME TOMORROW AT * TO WAKE UP,*,*,<template>#Newline      <srai>ALARMMESSAGE Wake up ALARMREQUEST REMIND ME TOMORROW AT <star/> TO WAKE UP</srai>#Newline    </template>,sraix.aiml
0,REMIND ME TOMORROW *,*,*,<template>#Newline      <srai>SCHEDULEDESCRIPTION <star/> SCHEDULEREQUEST REMIND ME TOMORROW <star/></srai>#Newline    </template>,sraix.aiml
0,SEARCH ON *,*,*,<template>#Newline      <sraix service="pannous">SEARCH ON <star/></sraix>#Newline    </template>,sraix.aiml
0,SEARCH WEATHER PORTLAND MAINE,*,*,<template>#Newline      <sraix service="pannous">SEARCH WEATHER PORTLAND MAINE</sraix>#Newline    </template>,sraix.aiml
0,SEARCH THE *,*,*,<template>#Newline      <sraix service="pannous">SEARCH THE <star/></sraix>#Newline    </template>,sraix.aiml
0,WHATS THE CAPITAL OF *,*,*,<template>#Newline      <sraix service="pannous">WHATS THE CAPITAL OF <star/></sraix>#Newline    </template>,sraix.aiml
0,GENDERNAME <SET>NAME</SET>,*,*,<template>#Newline      <map><name>gendername</name><star/></map>#Newline    </template>,sraix.aiml
0,GENDERNAME *,*,*,<template>#Newline      unknown#Newline    </template>,sraix.aiml
0,WAS *,*,*,<template>#Newline      <sraix service="pannous">WAS <star/></sraix>#Newline    </template>,sraix.aiml
0,SHOULD I BUY *,*,*,<template>#Newline      <sraix service="pannous">SHOULD I BUY <star/></sraix>#Newline    </template>,sraix.aiml
0,APPOINTMENT *,*,*,<template>#Newline      <srai>SCHEDULEDESCRIPTION <star/> SCHEDULEREQUEST APPOINTMENT <star/></srai>#Newline    </template>,sraix.aiml
0,HISTORY *,*,*,<template>#Newline      <sraix service="pannous">HISTORY <star/></sraix>#Newline    </template>,sraix.aiml
0,WHERE ARE *,*,*,<template>#Newline      <sraix service="pannous">WHERE ARE <star/></sraix>#Newline    </template>,sraix.aiml
0,WHERE TO *,*,*,<template>#Newline      <sraix service="pannous">WHERE TO <star/></sraix>#Newline    </template>,sraix.aiml
0,WHERE *,*,*,<template>#Newline      <sraix service="pannous">WHERE <star/></sraix>#Newline    </template>,sraix.aiml
0,WHERE IS GOD,*,*,<template>#Newline      <sraix service="pannous">WHERE IS GOD</sraix>#Newline    </template>,sraix.aiml
0,WHERE IS WALDO,*,*,<template>#Newline      <sraix service="pannous">WHERE IS WALDO</sraix>#Newline    </template>,sraix.aiml
0,WHERE IS THE *,*,*,<template>#Newline      <sraix service="pannous">WHERE IS THE <star/></sraix>#Newline    </template>,sraix.aiml
0,WHERE IS THE BEST *,*,*,<template>#Newline      <sraix service="pannous">WHERE IS THE BEST <star/></sraix>#Newline    </template>,sraix.aiml
0,WHERE DOES *,*,*,<template>#Newline      <sraix service="pannous">WHERE DOES <star/></sraix>#Newline    </template>,sraix.aiml
0,WHERE WAS *,*,*,<template>#Newline      <sraix service="pannous">WHERE WAS <star/></sraix>#Newline    </template>,sraix.aiml
0,WHERE DO BABIES COME FROM,*,*,<template>#Newline      <sraix service="pannous">WHERE DO BABIES COME FROM</sraix>#Newline    </template>,sraix.aiml
0,WHERE DO *,*,*,<template>#Newline      <sraix service="pannous">WHERE DO <star/></sraix>#Newline    </template>,sraix.aiml
0,WHERE DO COWS GO FOR FUN,*,*,<template>#Newline      <sraix service="pannous">WHERE DO COWS GO FOR FUN</sraix>#Newline    </template>,sraix.aiml
0,WHERE DID *,*,*,<template>#Newline      <sraix service="pannous">WHERE DID <star/></sraix>#Newline    </template>,sraix.aiml
0,WHERE CAN I BUY *,*,*,<template>#Newline      <random>#Newline      <li>Let's look on Amazon.</li>#Newline      <li>Online shopping is good.</li>#Newline      <li>I'm looking at online shopping sites.</li>#Newline      <li>I assume you mean online?</li>#Newline      </random>#Newline      <sraix hint="shopping" service="pannous">WHERE CAN I BUY <star/></sraix>#Newline    </template>,sraix.aiml
0,WHERE CAN I HIDE A BODY,*,*,<template>#Newline      <sraix service="pannous">WHERE CAN I HIDE A BODY</sraix>#Newline    </template>,sraix.aiml
0,WHERE CAN I HIDE A DEAD BODY,*,*,<template>#Newline      <sraix service="pannous">WHERE CAN I HIDE A DEAD BODY</sraix>#Newline    </template>,sraix.aiml
0,WHERE CAN I *,*,*,<template>#Newline      <sraix service="pannous">WHERE CAN I <star/></sraix>#Newline    </template>,sraix.aiml
0,WHERE CAN I BURY A BODY,*,*,<template>#Newline      <sraix service="pannous">WHERE CAN I BURY A BODY</sraix>#Newline    </template>,sraix.aiml
0,WHERE CAN I DOWNLOAD *,*,*,<template>#Newline      <sraix service="pannous">WHERE CAN I DOWNLOAD <star/></sraix>#Newline    </template>,sraix.aiml
0,WEATHER FORECAST,*,*,<template>#Newline      <sraix service="pannous">WEATHER FORECAST</sraix>#Newline    </template>,sraix.aiml
0,WEATHER FOR SACRAMENTO,*,*,<template>#Newline      <sraix service="pannous">WEATHER FOR SACRAMENTO</sraix>#Newline    </template>,sraix.aiml
0,WEATHER IN *,*,*,<template>#Newline      <sraix service="pannous">WEATHER IN <star/></sraix>#Newline    </template>,sraix.aiml
0,WEATHER *,*,*,<template>#Newline      <sraix service="pannous">WHAT IS THE WEATHER <star/></sraix>#Newline    </template>,sraix.aiml
0,CAN A *,*,*,<template>#Newline      <sraix service="pannous">CAN A <star/></sraix>#Newline    </template>,sraix.aiml
0,CAN *,*,*,<template>#Newline      <sraix service="pannous">CAN <star/></sraix>#Newline    </template>,sraix.aiml
0,CAN THE *,*,*,<template>#Newline      <sraix service="pannous">CAN THE <star/></sraix>#Newline    </template>,sraix.aiml
0,CAN COMPUTERS *,*,*,<template>#Newline      <sraix service="pannous">CAN COMPUTERS <star/></sraix>#Newline    </template>,sraix.aiml
0,CAN I HAVE A RECIPE FOR *,*,*,<template>#Newline      <sraix service="pannous">WHAT IS A RECIPIE FOR <star/></sraix>#Newline    </template>,sraix.aiml
0,GAS *,*,*,<template>#Newline      <sraix service="pannous">WHAT IS GAS <star/></sraix>#Newline    </template>,sraix.aiml
0,IS GOD REAL,*,*,<template>#Newline      <sraix service="pannous">IS GOD REAL</sraix>#Newline    </template>,sraix.aiml
0,IS *,*,*,<template>#Newline      <sraix service="pannous">IS <star/></sraix>#Newline    </template>,sraix.aiml
0,IS THE WEATHER *,*,*,<template>#Newline      <sraix service="pannous">IS THE WEATHER <star/></sraix>#Newline    </template>,sraix.aiml
0,IS <SET>ARTICLE</SET> *,*,*,<template>#Newline      <sraix service="pannous">IS <star/> <star index="2"/></sraix>#Newline    </template>,sraix.aiml
0,IS THERE ANY *,*,*,<template>#Newline      <sraix service="pannous">IS THERE ANY <star/></sraix>#Newline    </template>,sraix.aiml
0,IS THERE A *,*,*,<template>#Newline      <sraix service="pannous">IS THERE A <star/></sraix>#Newline    </template>,sraix.aiml
0,IS THERE *,*,*,<template>#Newline      <sraix service="pannous">IS THERE <star/></sraix>#Newline    </template>,sraix.aiml
0,WHICH COUNTRY *,*,*,<template>#Newline      <sraix service="pannous">WHICH COUNTRY <star/></sraix>#Newline    </template>,sraix.aiml
0,WHICH *,*,*,<template>#Newline      <sraix service="pannous">WHICH <star/></sraix>#Newline    </template>,sraix.aiml
0,WHICH IS THE *,*,*,<template>#Newline      <sraix service="pannous">WHICH IS THE <star/></sraix>#Newline    </template>,sraix.aiml
0,DOES GOD EXIST,*,*,<template>#Newline      <sraix service="pannous">DOES GOD EXIST</sraix>#Newline    </template>,sraix.aiml
0,DOES A *,*,*,<template>#Newline      <sraix service="pannous">DOES A <star/></sraix>#Newline    </template>,sraix.aiml
0,DOES *,*,*,<template>#Newline      <sraix service="pannous">DOES <star/></sraix>#Newline    </template>,sraix.aiml
0,DOES THE *,*,*,<template>#Newline      <sraix service="pannous">DOES THE <star/></sraix>#Newline    </template>,sraix.aiml
0,GIVE ME THE *,*,*,<template>#Newline      <sraix service="pannous">SEARCH <star/></sraix>#Newline    </template>,sraix.aiml
0,WHY ARE *,*,*,<template>#Newline      <sraix service="pannous">WHY ARE <star/></sraix>#Newline    </template>,sraix.aiml
0,WHY ARE PEOPLE *,*,*,<template>#Newline      <sraix service="pannous">WHY ARE PEOPLE <star/></sraix>#Newline    </template>,sraix.aiml
0,WHY *,*,*,<template>#Newline      <sraix service="pannous">WHY <star/></sraix>#Newline    </template>,sraix.aiml
0,WHY IS MY *,*,*,<template>#Newline      <sraix service="pannous">WHY IS MY <star/></sraix>#Newline    </template>,sraix.aiml
0,WHY IS *,*,*,<template>#Newline      <sraix service="pannous">WHY IS <star/></sraix>#Newline    </template>,sraix.aiml
0,WHY IS THE SKY BLUE,*,*,<template>#Newline      <sraix service="pannous">WHY IS THE SKY BLUE</sraix>#Newline    </template>,sraix.aiml
0,WHY IS THE *,*,*,<template>#Newline      <sraix service="pannous">WHY IS THE <star/></sraix>#Newline    </template>,sraix.aiml
0,WHY IS THERE A *,*,*,<template>#Newline      <sraix service="pannous">WHY IS THERE A <star/></sraix>#Newline    </template>,sraix.aiml
0,WHY IS THERE *,*,*,<template>#Newline      <sraix service="pannous">WHY IS THERE <star/></sraix>#Newline    </template>,sraix.aiml
0,WHY DOES *,*,*,<template>#Newline      <sraix service="pannous">WHY DOES <star/></sraix>#Newline    </template>,sraix.aiml
0,WHY DO THEY *,*,*,<template>#Newline      <sraix service="pannous">WHY DO THEY <star/></sraix>#Newline    </template>,sraix.aiml
0,WHY DO *,*,*,<template>#Newline      <sraix service="pannous">WHY DO <star/></sraix>#Newline    </template>,sraix.aiml
0,WHY DO PEOPLE *,*,*,<template>#Newline      <sraix service="pannous">WHY DO PEOPLE <star/></sraix>#Newline    </template>,sraix.aiml
0,WHY CAN NOT *,*,*,<template>#Newline      <sraix service="pannous">WHY CAN NOT <star/></sraix>#Newline    </template>,sraix.aiml
0,WHY AM I *,*,*,<template>#Newline      <sraix service="pannous">WHY AM I <star/></sraix>#Newline    </template>,sraix.aiml
0,WHY AM I SO *,*,*,<template>#Newline      <sraix service="pannous">WHY AM I SO <star/></sraix>#Newline    </template>,sraix.aiml
0,WHO PLAYED *,*,*,<template>#Newline      <sraix service="pannous">WHO PLAYED <star/></sraix>#Newline    </template>,sraix.aiml
0,WHO HAS *,*,*,<template>#Newline      <sraix service="pannous">WHO HAS <star/></sraix>#Newline    </template>,sraix.aiml
0,WHO HAS THE *,*,*,<template>#Newline      <sraix service="pannous">WHO HAS THE <star/></sraix>#Newline    </template>,sraix.aiml
0,WHO ARE *,*,*,<template>#Newline      <sraix service="pannous">WHO ARE <star/></sraix>#Newline    </template>,sraix.aiml
0,WHO ARE THE *,*,*,<template>#Newline      <sraix service="pannous">WHO ARE THE <star/></sraix>#Newline    </template>,sraix.aiml
0,WHO MADE *,*,*,<template>#Newline      <sraix service="pannous">WHO MADE <star/></sraix>#Newline    </template>,sraix.aiml
0,WHO WON THE *,*,*,<template>#Newline      <sraix service="pannous">WHO WON THE <star/></sraix>#Newline    </template>,sraix.aiml
0,WHO WILL WIN THE *,*,*,<template>#Newline      <sraix service="pannous">WHO WILL WIN THE <star/></sraix>#Newline    </template>,sraix.aiml
0,WHO *,*,*,<template>#Newline      <sraix service="pannous">WHO <star/></sraix>#Newline    </template>,sraix.aiml
0,WHO MAKES *,*,*,<template>#Newline      <sraix service="pannous">WHO MAKES <star/></sraix>#Newline    </template>,sraix.aiml
0,WHO IS STEVEN SEAGAL,*,*,<template>#Newline      <sraix service="pannous">WHO IS STEVEN SEAGAL</sraix>#Newline    </template>,sraix.aiml
0,WHO IS STEVEN *,*,*,<template>#Newline      <sraix service="pannous">WHO IS STEVEN <star/></sraix>#Newline    </template>,sraix.aiml
0,WHO IS DOCTOR *,*,*,<template>#Newline      <sraix service="pannous">WHO IS DOCTOR <star/></sraix>#Newline    </template>,sraix.aiml
0,WHO IS DOCTOR WALLACE,*,*,<template>#Newline      <sraix service="pannous">WHO IS DOCTOR WALLACE</sraix>#Newline    </template>,sraix.aiml
0,WHO IS A *,*,*,<template>#Newline      <sraix service="pannous">WHO IS A <star/></sraix>#Newline    </template>,sraix.aiml
0,WHO IS OBAMA,*,*,<template>#Newline      <sraix service="pannous">WHO IS OBAMA</sraix>#Newline    </template>,sraix.aiml
0,WHO IS BARACK OBAMA,*,*,<template>#Newline      <sraix service="pannous">WHO IS BARACK OBAMA</sraix>#Newline    </template>,sraix.aiml
0,WHO IS THE SMARTEST *,*,*,<template>#Newline      <sraix service="pannous">WHO IS THE SMARTEST <star/></sraix>#Newline    </template>,sraix.aiml
0,WHO IS THE PRIME MINISTER OF *,*,*,<template>#Newline      <sraix service="pannous">WHO IS THE CURRENT PRIME MINISTER OF <star/></sraix>#Newline    </template>,sraix.aiml
0,WHO IS THE PRIME MINISTER OF MALAYSIA,*,*,<template>#Newline      <sraix service="pannous">WHO IS THE CURRENT PRIME MINISTER OF MALAYSIA</sraix>#Newline    </template>,sraix.aiml
0,WHO IS THE PRESIDENT OF *,*,*,<template>#Newline      <sraix service="pannous">WHO IS THE CURRENT PRESIDENT OF <star/></sraix>#Newline    </template>,sraix.aiml
0,WHO IS THE PRESIDENT OF THE *,*,*,<template>#Newline      <sraix service="pannous">WHO IS THE CURRENT PRESIDENT OF THE <star/></sraix>#Newline    </template>,sraix.aiml
0,WHO IS THE PRESIDENT OF THE UNITED STATES,*,*,<template>#Newline      <sraix service="pannous">WHO IS THE CURRENT PRESIDENT OF THE UNITED STATES</sraix>#Newline    </template>,sraix.aiml
0,WHO IS THE PRESIDENT OF THE UNITED STATES OF AMERICA,*,*,<template>#Newline      <sraix service="pannous">WHO IS THE CURRENT PRESIDENT OF THE UNITED STATES OF AMERICA</sraix>#Newline    </template>,sraix.aiml
0,WHO IS THE PRESIDENT OF UNITED STATES,*,*,<template>#Newline      <sraix service="pannous">WHO IS THE CURRENT PRESIDENT OF UNITED STATES</sraix>#Newline    </template>,sraix.aiml
0,WHO IS THE PRESIDENT OF AMERICA,*,*,<template>#Newline      <sraix service="pannous">WHO IS THE CURRENT PRESIDENT OF AMERICA</sraix>#Newline    </template>,sraix.aiml
0,WHO IS <SET>ARTICLE</SET> *,*,*,<template>#Newline      <sraix service="pannous">WHO IS <star/> <star index="2"/></sraix>#Newline    </template>,sraix.aiml
0,WHO IS THE FRENCH PRESIDENT,*,*,<template>#Newline      <sraix service="pannous">WHO IS THE CURRENT PRESIDENT OF FRANCE</sraix>#Newline    </template>,sraix.aiml
0,WHO IS THE LEAD SINGER OF *,*,*,<template>#Newline      <sraix service="pannous">WHO IS THE LEAD SINGER OF <star/></sraix>#Newline    </template>,sraix.aiml
0,WHO IS THE CURRENT *,*,*,<template>#Newline      <sraix service="pannous">WHO IS THE CURRENT <star/></sraix>#Newline    </template>,sraix.aiml
0,WHO IS THE GREATEST *,*,*,<template>#Newline      <sraix service="pannous">WHO IS THE GREATEST <star/></sraix>#Newline    </template>,sraix.aiml
0,WHO IS THE MOST *,*,*,<template>#Newline      <sraix service="pannous">WHO IS THE MOST <star/></sraix>#Newline    </template>,sraix.aiml
0,WHO IS TONY *,*,*,<template>#Newline      <sraix service="pannous">WHO IS TONY <star/></sraix>#Newline    </template>,sraix.aiml
0,WHO IS SUPERMAN,*,*,<template>#Newline      <sraix service="pannous">WHO IS SUPERMAN</sraix>#Newline    </template>,sraix.aiml
0,WHO IS ROBERT *,*,*,<template>#Newline      <sraix service="pannous">WHO IS ROBERT <star/></sraix>#Newline    </template>,sraix.aiml
0,WHO IS STEVE JOBS,*,*,<template>#Newline      <sraix service="pannous">WHO IS STEVE JOBS</sraix>#Newline    </template>,sraix.aiml
0,WHO IS CHUCK NORRIS,*,*,<template>#Newline      <sraix service="pannous">WHO IS CHUCK NORRIS</sraix>#Newline    </template>,sraix.aiml
0,WHO IS BILL GATES,*,*,<template>#Newline      <sraix service="pannous">WHO IS BILL GATES</sraix>#Newline    </template>,sraix.aiml
0,WHO IS MICHAEL JACKSON,*,*,<template>#Newline      <sraix service="pannous">WHO IS MICHAEL JACKSON</sraix>#Newline    </template>,sraix.aiml
0,WHO IS MICHAEL JORDAN,*,*,<template>#Newline      <sraix service="pannous">WHO IS MICHAEL JORDAN</sraix>#Newline    </template>,sraix.aiml
0,WHO IS MICHAEL *,*,*,<template>#Newline      <sraix service="pannous">WHO IS MICHAEL <star/></sraix>#Newline    </template>,sraix.aiml
0,WHO IS JUSTIN BIEBER,*,*,<template>#Newline      <sraix service="pannous">WHO IS JUSTIN BIEBER</sraix>#Newline    </template>,sraix.aiml
0,WHO IS CHRIS *,*,*,<template>#Newline      <sraix service="pannous">WHO IS CHRIS <star/></sraix>#Newline    </template>,sraix.aiml
0,WHO IS MOUSEBREAKER,*,*,<template>#Newline      <sraix service="pannous">WHO IS MOUSEBREAKER</sraix>#Newline    </template>,sraix.aiml
0,WHO IS GOD,*,*,<template>#Newline      <sraix service="pannous">WHO IS GOD</sraix>#Newline    </template>,sraix.aiml
0,WHO IS IN *,*,*,<template>#Newline      <sraix service="pannous">WHO IS IN <star/></sraix>#Newline    </template>,sraix.aiml
0,WHO IS IN THE *,*,*,<template>#Newline      <sraix service="pannous">WHO IS IN THE <star/></sraix>#Newline    </template>,sraix.aiml
0,WHO IS *,*,*,<template>#Newline      <think><set var="name"><star/></set></think>#Newline      <condition var="name">#Newline      <li><value><get name="name"/></value>You are <star/>.</li>#Newline      <li><value><normalize><bot name="name"/></normalize></value>I am <star/>.</li>#Newline      <li><value><first><normalize><bot name="name"/></normalize></first></value>I am <star/>.</li>#Newline      <li><sraix service="pannous">WHO IS <star/></sraix></li>#Newline      </condition>#Newline    </template>,sraix.aiml
0,WHO IS SHAKESPEARE,*,*,<template>#Newline      <sraix service="pannous">WHO IS SHAKESPEARE</sraix>#Newline    </template>,sraix.aiml
0,WHO IS SPOCK,*,*,<template>#Newline      <sraix service="pannous">WHO IS SPOCK</sraix>#Newline    </template>,sraix.aiml
0,WHO IS JESUS CHRIST,*,*,<template>#Newline      <sraix service="pannous">WHO IS JESUS CHRIST</sraix>#Newline    </template>,sraix.aiml
0,WHO IS WINNING *,*,*,<template>#Newline      <sraix service="pannous">WHO IS WINNING <star/></sraix>#Newline    </template>,sraix.aiml
0,WHO IS BATMAN,*,*,<template>#Newline      <sraix service="pannous">WHO IS BATMAN</sraix>#Newline    </template>,sraix.aiml
0,WHO IS JOHN *,*,*,<template>#Newline      <sraix service="pannous">WHO IS JOHN <star/></sraix>#Newline    </template>,sraix.aiml
0,WHO IS SQUARE BEAR,*,*,<template>#Newline      <sraix service="pannous">WHO IS SQUARE BEAR</sraix>#Newline    </template>,sraix.aiml
0,WHO IS ALICE,*,*,<template>#Newline      <sraix service="pannous">WHO IS ALICE</sraix>#Newline    </template>,sraix.aiml
0,WHO IS BEN *,*,*,<template>#Newline      <sraix service="pannous">WHO IS BEN <star/></sraix>#Newline    </template>,sraix.aiml
0,WHO IS GEORGE *,*,*,<template>#Newline      <sraix service="pannous">WHO IS GEORGE <star/></sraix>#Newline    </template>,sraix.aiml
0,WHO IS TOM *,*,*,<template>#Newline      <sraix service="pannous">WHO IS TOM <star/></sraix>#Newline    </template>,sraix.aiml
0,WHO IS CAPTAIN KIRK,*,*,<template>#Newline      <sraix service="pannous">WHO IS CAPTAIN KIRK</sraix>#Newline    </template>,sraix.aiml
0,WHO DOES *,*,*,<template>#Newline      <sraix service="pannous">WHO DOES <star/></sraix>#Newline    </template>,sraix.aiml
0,WHO WAS JESUS,*,*,<template>#Newline      <sraix service="pannous">WHO WAS JESUS</sraix>#Newline    </template>,sraix.aiml
0,WHO WAS *,*,*,<template>#Newline      <sraix service="pannous">WHO WAS <star/></sraix>#Newline    </template>,sraix.aiml
0,WHO WAS THE *,*,*,<template>#Newline      <sraix service="pannous">WHO WAS THE <star/></sraix>#Newline    </template>,sraix.aiml
0,WHO WAS THE FIRST *,*,*,<template>#Newline      <sraix service="pannous">WHO WAS THE FIRST <star/></sraix>#Newline    </template>,sraix.aiml
0,WHO WROTE *,*,*,<template>#Newline      <sraix service="pannous">WHO WROTE <star/></sraix>#Newline    </template>,sraix.aiml
0,WHO PLAYS *,*,*,<template>#Newline      <sraix service="pannous">WHO PLAYS <star/></sraix>#Newline    </template>,sraix.aiml
0,WHO INVENTED *,*,*,<template>#Newline      <sraix service="pannous">WHO INVENTED <star/></sraix>#Newline    </template>,sraix.aiml
0,ISANAME <SET>NAME</SET>,*,*,<template>#Newline      true#Newline    </template>,sraix.aiml
0,ISANAME *,*,*,<template>#Newline      false#Newline    </template>,sraix.aiml
0,ELECTRON MASS,*,*,<template>#Newline      <sraix service="pannous">WHAT IS ELECTRON MASS</sraix>#Newline    </template>,sraix.aiml
0,WILL ROBOTS TAKE OVER THE WORLD,*,*,<template>#Newline      <sraix service="pannous">WILL ROBOTS TAKE OVER THE WORLD</sraix>#Newline    </template>,sraix.aiml
0,WILL *,*,*,<template>#Newline      <sraix service="pannous">WILL <star/></sraix>#Newline    </template>,sraix.aiml
0,WILL THE *,*,*,<template>#Newline      <sraix service="pannous">WILL THE <star/></sraix>#Newline    </template>,sraix.aiml
0,CALCULATE *,*,*,<template>#Newline      <sraix service="pannous">CALCULATE <star/></sraix>#Newline    </template>,sraix.aiml
0,THE WEATHER IN *,*,*,<template>#Newline      <sraix service="pannous">THE WEATHER IN <star/></sraix>#Newline    </template>,sraix.aiml
0,THE WEATHER *,*,*,<template>#Newline      <sraix service="pannous">THE WEATHER <star/></sraix>#Newline    </template>,sraix.aiml
0,WAKE ME UP AT *,*,*,<template>#Newline      <srai>ALARMMESSAGE Wake up ALARMREQUEST WAKE ME UP AT <star/></srai>#Newline    </template>,sraix.aiml
0,WAKE ME UP IN *,*,*,<template>#Newline      <srai>ALARMMESSAGE <star/> ALARMREQUEST WAKE ME UP IN <star/></srai>#Newline    </template>,sraix.aiml
0,WAKE ME UP IN * HOURS,*,*,<template>#Newline      <srai>ALARMMESSAGE Wake up ALARMREQUEST WAKE ME UP IN <star/> HOURS</srai>#Newline    </template>,sraix.aiml
0,WAKE ME UP *,*,*,<template>#Newline      <srai>ALARMMESSAGE Wake me up ALARMREQUEST WAKE ME UP <star/></srai>#Newline    </template>,sraix.aiml
0,WAKE ME UP TOMORROW AT *,*,*,<template>#Newline      <srai>ALARMMESSAGE Wake up ALARMREQUEST WAKE ME UP TOMORROW AT <star/></srai>#Newline    </template>,sraix.aiml
0,WAKE ME UP TOMORROW *,*,*,<template>#Newline      <srai>ALARMMESSAGE Wake up ALARMREQUEST WAKE ME UP TOMORROW <star/> </srai>#Newline    </template>,sraix.aiml
0,WAKE ME *,*,*,<template>#Newline      <srai>ALARMMESSAGE <star/> ALARMREQUEST WAKE ME <star/> </srai>#Newline    </template>,sraix.aiml
0,SCHEDULE *,*,*,<template>#Newline      <srai>SCHEDULEDESCRIPTION <star/> SCHEDULEREQUEST SCHEDULE <star/></srai>#Newline    </template>,sraix.aiml
0,TRAFFIC *,*,*,<template>#Newline      <sraix service="pannous">TRAFFIC <star/></sraix>#Newline    </template>,sraix.aiml
0,HOROSCOPE FOR *,*,*,<template>#Newline      <sraix service="pannous">WHAT IS THE HOROSCOPE FOR <star/></sraix>#Newline    </template>,sraix.aiml
0,TIME IN *,*,*,<template>#Newline      <sraix service="pannous">TIME IN <star/></sraix>#Newline    </template>,sraix.aiml
0,ADD * *,*,*,<template>#Newline      <think><set name="isaname"><srai>ISANAME <star/></srai></set>#Newline      </think>#Newline      <condition name="isaname">#Newline      <li value="true"><srai>NEW CONTACT <star/> <star index="2"/></srai></li>#Newline      <li><sraix service="pannous">ADD <star/> <star index="2"/></sraix></li>#Newline      </condition>#Newline    </template>,sraix.aiml
0,SET CALENDAR *,*,*,<template>#Newline      <srai>SCHEDULEDESCRIPTION <star/> SCHEDULEREQUEST SET CALENDAR <star/></srai>#Newline    </template>,sraix.aiml
0,SET A REMINDER FOR *,*,*,<template>#Newline      <srai>SCHEDULEDESCRIPTION <star/> SCHEDULEREQUEST SET A REMINDER FOR <star/></srai>#Newline    </template>,sraix.aiml
0,SET A *,*,*,<template>#Newline      <sraix service="pannous">SET A <star/></sraix>#Newline    </template>,sraix.aiml
0,SET ALARM *,*,*,<template>#Newline      <srai>ALARMMESSAGE Alarm ALARMREQUEST SET ALARM <star/></srai>#Newline    </template>,sraix.aiml
0,DID *,*,*,<template>#Newline      <sraix service="pannous">DID <star/></sraix>#Newline    </template>,sraix.aiml
0,WHEN DO *,*,*,<template>#Newline      <sraix service="pannous">WHEN DO <star/></sraix>#Newline    </template>,sraix.aiml
0,WHEN ARE *,*,*,<template>#Newline      <sraix service="pannous">WHEN ARE <star/></sraix>#Newline    </template>,sraix.aiml
0,WHEN ARE THE *,*,*,<template>#Newline      <sraix service="pannous">WHEN ARE THE <star/></sraix>#Newline    </template>,sraix.aiml
0,WHEN WILL *,*,*,<template>#Newline      <sraix service="pannous">WHEN WILL <star/></sraix>#Newline    </template>,sraix.aiml
0,WHEN WILL THE WORLD END,*,*,<template>#Newline      <sraix service="pannous">WHEN WILL THE WORLD END</sraix>#Newline    </template>,sraix.aiml
0,WHEN WILL I DIE,*,*,<template>#Newline      <sraix service="pannous">WHEN WILL I DIE</sraix>#Newline    </template>,sraix.aiml
0,WHEN *,*,*,<template>#Newline      <sraix service="pannous">WHEN <star/></sraix>#Newline    </template>,sraix.aiml
0,WHEN IS *,*,*,<template>#Newline      <sraix service="pannous">WHEN IS <star/></sraix>#Newline    </template>,sraix.aiml
0,WHEN IS THE *,*,*,<template>#Newline      <sraix service="pannous">WHEN IS THE <star/></sraix>#Newline    </template>,sraix.aiml
0,WHEN IS THE END OF THE WORLD,*,*,<template>#Newline      <sraix service="pannous">WHEN IS THE END OF THE WORLD</sraix>#Newline    </template>,sraix.aiml
0,WHEN IS THE WORLD GOING TO END,*,*,<template>#Newline      <sraix service="pannous">WHEN IS THE WORLD GOING TO END</sraix>#Newline    </template>,sraix.aiml
0,WHEN IS THE WORLD *,*,*,<template>#Newline      <sraix service="pannous">WHEN IS THE WORLD <star/></sraix>#Newline    </template>,sraix.aiml
0,WHEN DID MICHAEL JACKSON DIE,*,*,<template>#Newline      <sraix service="pannous">WHEN DID MICHAEL JACKSON DIE</sraix>#Newline    </template>,sraix.aiml
0,WHEN DID *,*,*,<template>#Newline      <sraix service="pannous">WHEN DID <star/></sraix>#Newline    </template>,sraix.aiml
0,WHEN DOES *,*,*,<template>#Newline      <sraix service="pannous">WHEN DOES <star/></sraix>#Newline    </template>,sraix.aiml
0,WHEN WAS *,*,*,<template>#Newline      <sraix service="pannous">WHEN WAS <star/></sraix>#Newline    </template>,sraix.aiml
0,WHAT COLORS ARE *,*,*,<template>#Newline      <sraix service="pannous">WHAT COLORS ARE <star/></sraix>#Newline    </template>,sraix.aiml
0,WHAT HAPPEN *,*,*,<template>#Newline      <sraix service="pannous">WHAT HAPPEN <star/></sraix>#Newline    </template>,sraix.aiml
0,WHAT YEAR *,*,*,<template>#Newline      <sraix service="pannous">WHAT YEAR <star/></sraix>#Newline    </template>,sraix.aiml
0,WHAT YEAR DID *,*,*,<template>#Newline      <sraix service="pannous">WHAT YEAR DID <star/></sraix>#Newline    </template>,sraix.aiml
0,WHAT YEAR WAS THE *,*,*,<template>#Newline      <sraix service="pannous">WHAT YEAR WAS THE <star/></sraix>#Newline    </template>,sraix.aiml
0,WHAT HAPPENED IN *,*,*,<template>#Newline      <sraix service="pannous">WHAT HAPPENED IN <star/></sraix>#Newline    </template>,sraix.aiml
0,WHAT HAPPENED TO THE *,*,*,<template>#Newline      <sraix service="pannous">WHAT HAPPENED TO THE <star/></sraix>#Newline    </template>,sraix.aiml
0,WHAT DO *,*,*,<template>#Newline      <sraix service="pannous">WHAT DO <star/></sraix>#Newline    </template>,sraix.aiml
0,WHAT DO PEOPLE *,*,*,<template>#Newline      <sraix service="pannous">WHAT DO PEOPLE <star/></sraix>#Newline    </template>,sraix.aiml
0,WHAT DO YOU CALL *,*,*,<template>#Newline      <sraix service="pannous">WHAT DO YOU CALL <star/></sraix>#Newline    </template>,sraix.aiml
0,WHAT DAY IS *,*,*,<template>#Newline      <sraix service="pannous">WHAT DAY IS <star/></sraix>#Newline    </template>,sraix.aiml
0,WHAT COLOR ARE *,*,*,<template>#Newline      <sraix service="pannous">WHAT COLOR ARE <star/></sraix>#Newline    </template>,sraix.aiml
0,WHAT COLOR *,*,*,<template>#Newline      <sraix service="pannous">WHAT COLOR <star/></sraix>#Newline    </template>,sraix.aiml
0,WHAT COLOR IS THE SKY,*,*,<template>#Newline      <sraix service="pannous">WHAT COLOR IS THE SKY</sraix>#Newline    </template>,sraix.aiml
0,WHAT CAN *,*,*,<template>#Newline      <sraix service="pannous">WHAT CAN <star/></sraix>#Newline    </template>,sraix.aiml
0,WHAT CAN I DO TO *,*,*,<template>#Newline      <sraix service="pannous">WHAT CAN I DO TO <star/></sraix>#Newline    </template>,sraix.aiml
0,WHAT WORD CAN YOU MAKE FROM THE INITIAL LETTERS OF *,*,*,<template>#Newline      <sraix service="pannous">WHAT WORD CAN YOU MAKE FROM THE INITIAL LETTERS OF <star/></sraix>#Newline    </template>,sraix.aiml
0,WHAT COMPANY *,*,*,<template>#Newline      <sraix service="pannous">WHAT COMPANY <star/></sraix>#Newline    </template>,sraix.aiml
0,WHAT CAUSES *,*,*,<template>#Newline      <sraix service="pannous">WHAT CAUSES <star/></sraix>#Newline    </template>,sraix.aiml
0,WHAT TIME WILL *,*,*,<template>#Newline      <sraix service="pannous">WHAT TIME WILL <star/></sraix>#Newline    </template>,sraix.aiml
0,WHAT TIME IS IN *,*,*,<template>#Newline      <sraix service="pannous">WHAT TIME IS IN <star/></sraix>#Newline    </template>,sraix.aiml
0,WHAT TIME IS *,*,*,<template>#Newline      <sraix service="pannous">WHAT TIME IS <star/></sraix>#Newline    </template>,sraix.aiml
0,WHAT TIME IS THE *,*,*,<template>#Newline      <sraix service="pannous">WHAT TIME IS THE <star/></sraix>#Newline    </template>,sraix.aiml
0,WHAT TIME IS IT IN NEW YORK,*,*,<template>#Newline      <sraix service="pannous">WHAT TIME IS IT IN NEW YORK</sraix>#Newline    </template>,sraix.aiml
0,WHAT TIME IS IT IN CHINA,*,*,<template>#Newline      <sraix service="pannous">WHAT TIME IS IT IN CHINA</sraix>#Newline    </template>,sraix.aiml
0,WHAT TIME IS IT IN *,*,*,<template>#Newline      <sraix service="pannous">WHAT TIME IS IT IN <star/></sraix>#Newline    </template>,sraix.aiml
0,WHAT TIME IS IT IN THE *,*,*,<template>#Newline      <sraix service="pannous">WHAT TIME IS IT IN THE <star/></sraix>#Newline    </template>,sraix.aiml
0,WHAT TIME IS IT IN CHICAGO,*,*,<template>#Newline      <sraix service="pannous">WHAT TIME IS IT IN CHICAGO</sraix>#Newline    </template>,sraix.aiml
0,WHAT TIME IS IT IN VIRGINIA,*,*,<template>#Newline      <sraix service="pannous">WHAT TIME IS IT IN VIRGINIA</sraix>#Newline    </template>,sraix.aiml
0,WHAT TIME IS IT IN ENGLAND,*,*,<template>#Newline      <sraix service="pannous">WHAT TIME IS IT IN ENGLAND</sraix>#Newline    </template>,sraix.aiml
0,WHAT TIME DOES *,*,*,<template>#Newline      <sraix service="pannous">WHAT TIME DOES <star/></sraix>#Newline    </template>,sraix.aiml
0,WHAT TIME DOES THE *,*,*,<template>#Newline      <sraix service="pannous">WHAT TIME DOES THE <star/></sraix>#Newline    </template>,sraix.aiml
0,WHAT ARE *,*,*,<template>#Newline      <sraix service="pannous">WHAT ARE <star/></sraix>#Newline    </template>,sraix.aiml
0,WHAT ARE THE LATEST HEADLINES,*,*,<template>#Newline      <sraix service="pannous">WHAT ARE THE LATEST HEADLINES</sraix>#Newline    </template>,sraix.aiml
0,WHAT ARE THE 4 *,*,*,<template>#Newline      <sraix service="pannous">WHAT ARE THE 4 <star/></sraix>#Newline    </template>,sraix.aiml
0,WHAT ARE THE *,*,*,<template>#Newline      <sraix service="pannous">WHAT ARE THE <star/></sraix>#Newline    </template>,sraix.aiml
0,WHAT ARE THE INGREDIENTS OF *,*,*,<template>#Newline      <sraix service="pannous">WHAT ARE THE INGREDIENTS OF <star/></sraix>#Newline    </template>,sraix.aiml
0,WHAT ARE THE BEST *,*,*,<template>#Newline      <sraix service="pannous">WHAT ARE THE BEST <star/></sraix>#Newline    </template>,sraix.aiml
0,WHAT ARE SOME *,*,*,<template>#Newline      <sraix service="pannous">WHAT ARE SOME <star/></sraix>#Newline    </template>,sraix.aiml
0,WHAT *,*,*,<template>#Newline      <sraix service="pannous">WHAT <star/></sraix>#Newline    </template>,sraix.aiml
0,WHAT IS LIFE,*,*,<template>#Newline      <sraix service="pannous">WHAT IS LIFE</sraix>#Newline    </template>,sraix.aiml
0,WHAT IS TODAY S *,*,*,<template>#Newline      <sraix service="pannous">WHAT IS TODAY S <star/></sraix>#Newline    </template>,sraix.aiml
0,WHAT IS GOING ON WITH *,*,*,<template>#Newline      <sraix service="pannous">WHAT IS GOING ON WITH <star/></sraix>#Newline    </template>,sraix.aiml
0,WHAT IS A GREAT *,*,*,<template>#Newline      <sraix service="pannous">WHAT IS A GREAT <star/></sraix>#Newline    </template>,sraix.aiml
0,WHAT IS A MAN *,*,*,<template>#Newline      <sraix service="pannous">WHAT IS A MAN <star/></sraix>#Newline    </template>,sraix.aiml
0,WHAT IS A COOKIE,*,*,<template>#Newline      <sraix service="pannous">WHAT IS A COOKIE</sraix>#Newline    </template>,sraix.aiml
0,WHAT IS A DOG,*,*,<template>#Newline      <sraix service="pannous">WHAT IS A DOG</sraix>#Newline    </template>,sraix.aiml
0,WHAT IS A TEST,*,*,<template>#Newline      <sraix service="pannous">WHAT IS A TEST</sraix>#Newline    </template>,sraix.aiml
0,WHAT IS A VAGINA,*,*,<template>#Newline      <sraix service="pannous">WHAT IS A VAGINA</sraix>#Newline    </template>,sraix.aiml
0,WHAT IS A COMPUTER,*,*,<template>#Newline      <sraix service="pannous">WHAT IS A COMPUTER</sraix>#Newline    </template>,sraix.aiml
0,WHAT IS A BLACK *,*,*,<template>#Newline      <sraix service="pannous">WHAT IS A BLACK <star/></sraix>#Newline    </template>,sraix.aiml
0,WHAT IS A GOOD *,*,*,<template>#Newline      <sraix service="pannous">WHAT IS A GOOD <star/></sraix>#Newline    </template>,sraix.aiml
0,WHAT IS A GOOD WAY TO *,*,*,<template>#Newline      <sraix service="pannous">WHAT IS A GOOD WAY TO <star/></sraix>#Newline    </template>,sraix.aiml
0,WHAT IS A SQUARE *,*,*,<template>#Newline      <sraix service="pannous">WHAT IS A SQUARE <star/></sraix>#Newline    </template>,sraix.aiml
0,WHAT IS A CAT,*,*,<template>#Newline      <sraix service="pannous">WHAT IS A CAT</sraix>#Newline    </template>,sraix.aiml
0,WHAT IS A LITTLE *,*,*,<template>#Newline      <sraix service="pannous">WHAT IS A LITTLE <star/></sraix>#Newline    </template>,sraix.aiml
0,WHAT IS A PENIS,*,*,<template>#Newline      <sraix service="pannous">WHAT IS A PENIS</sraix>#Newline    </template>,sraix.aiml
0,WHAT IS MARIJUANA,*,*,<template>#Newline      <sraix service="pannous">WHAT IS MARIJUANA</sraix>#Newline    </template>,sraix.aiml
0,WHAT IS PANDORA,*,*,<template>#Newline      <sraix service="pannous">WHAT IS PANDORA</sraix>#Newline    </template>,sraix.aiml
0,WHAT IS ARTIFICIAL INTELLIGENCE,*,*,<template>#Newline      <sraix service="pannous">WHAT IS ARTIFICIAL INTELLIGENCE</sraix>#Newline    </template>,sraix.aiml
0,WHAT IS IRIS,*,*,<template>#Newline      <sraix service="pannous">WHAT IS IRIS</sraix>#Newline    </template>,sraix.aiml
0,WHAT IS FACEBOOK,*,*,<template>#Newline      <sraix service="pannous">WHAT IS FACEBOOK</sraix>#Newline    </template>,sraix.aiml
0,WHAT IS THE MAIN *,*,*,<template>#Newline      <sraix service="pannous">WHAT IS THE MAIN <star/></sraix>#Newline    </template>,sraix.aiml
0,WHAT IS THE LATEST NEWS,*,*,<template>#Newline      <sraix service="pannous">WHAT IS THE LATEST NEWS</sraix>#Newline    </template>,sraix.aiml
0,WHAT IS THE LATEST NEWS ON *,*,*,<template>#Newline      <sraix service="pannous">WHAT IS THE LATEST NEWS ON <star/></sraix>#Newline    </template>,sraix.aiml
0,WHAT IS THE LATEST NEWS *,*,*,<template>#Newline      <sraix service="pannous">WHAT IS THE LATEST NEWS <star/></sraix>#Newline    </template>,sraix.aiml
0,WHAT IS THE LATEST *,*,*,<template>#Newline      <sraix service="pannous">WHAT IS THE LATEST <star/></sraix>#Newline    </template>,sraix.aiml
0,WHAT IS THE ENGLISH *,*,*,<template>#Newline      <sraix service="pannous">WHAT IS THE ENGLISH <star/></sraix>#Newline    </template>,sraix.aiml
0,WHAT IS THE WORLD S *,*,*,<template>#Newline      <sraix service="pannous">WHAT IS THE WORLD S <star/></sraix>#Newline    </template>,sraix.aiml
0,WHAT IS THE WORLD *,*,*,<template>#Newline      <sraix service="pannous">WHAT IS THE WORLD <star/></sraix>#Newline    </template>,sraix.aiml
0,WHAT IS THE BEST PHONE,*,*,<template>#Newline      <sraix service="pannous">WHAT IS THE BEST PHONE</sraix>#Newline    </template>,sraix.aiml
0,WHAT IS THE BEST PLACE TO *,*,*,<template>#Newline      <sraix service="pannous">WHAT IS THE BEST PLACE TO <star/></sraix>#Newline    </template>,sraix.aiml
0,WHAT IS THE BEST THING TO *,*,*,<template>#Newline      <sraix service="pannous">WHAT IS THE BEST THING TO <star/></sraix>#Newline    </template>,sraix.aiml
0,WHAT IS THE BEST *,*,*,<template>#Newline      <sraix service="pannous">WHAT IS THE BEST <star/></sraix>#Newline    </template>,sraix.aiml
0,WHAT IS THE BEST SELLING *,*,*,<template>#Newline      <sraix service="pannous">WHAT IS THE BEST SELLING <star/></sraix>#Newline    </template>,sraix.aiml
0,WHAT IS THE BEST WAY TO *,*,*,<template>#Newline      <sraix service="pannous">WHAT IS THE BEST WAY TO <star/></sraix>#Newline    </template>,sraix.aiml
0,WHAT IS THE BEST KIND OF *,*,*,<template>#Newline      <sraix service="pannous">WHAT IS THE BEST KIND OF <star/></sraix>#Newline    </template>,sraix.aiml
0,WHAT IS THE GREATEST *,*,*,<template>#Newline      <sraix service="pannous">WHAT IS THE GREATEST <star/></sraix>#Newline    </template>,sraix.aiml
0,WHAT IS THE NUMBER *,*,*,<template>#Newline      <sraix service="pannous">WHAT IS THE NUMBER <star/></sraix>#Newline    </template>,sraix.aiml
0,WHAT IS THE LONGEST RIVER IN *,*,*,<template>#Newline      <sraix service="pannous">WHAT IS THE LONGEST RIVER IN <star/></sraix>#Newline    </template>,sraix.aiml
0,WHAT IS THE PHONE NUMBER *,*,*,<template>#Newline      <sraix service="pannous">WHAT IS THE PHONE NUMBER <star/></sraix>#Newline    </template>,sraix.aiml
0,WHAT IS THE NEW *,*,*,<template>#Newline      <sraix service="pannous">WHAT IS THE NEW <star/></sraix>#Newline    </template>,sraix.aiml
0,WHAT IS THE WEATHER,*,*,<template>#Newline      <sraix service="pannous">WHAT IS THE WEATHER</sraix>#Newline    </template>,sraix.aiml
0,WHAT IS THE WEATHER FORECAST FOR *,*,*,<template>#Newline      <sraix service="pannous">WHAT IS THE WEATHER FORECAST FOR <star/></sraix>#Newline    </template>,sraix.aiml
0,WHAT IS THE WEATHER FOR TODAY,*,*,<template>#Newline      <sraix service="pannous">WHAT IS THE WEATHER FOR TODAY</sraix>#Newline    </template>,sraix.aiml
0,WHAT IS THE WEATHER FOR *,*,*,<template>#Newline      <sraix service="pannous">WHAT IS THE WEATHER FOR <star/></sraix>#Newline    </template>,sraix.aiml
0,WHAT IS THE WEATHER FOR TOMORROW,*,*,<template>#Newline      <sraix service="pannous">WHAT IS THE WEATHER FOR TOMORROW</sraix>#Newline    </template>,sraix.aiml
0,WHAT IS THE WEATHER RIGHT NOW,*,*,<template>#Newline      <sraix service="pannous">WHAT IS THE WEATHER RIGHT NOW</sraix>#Newline    </template>,sraix.aiml
0,WHAT IS THE WEATHER TODAY,*,*,<template>#Newline      <sraix service="pannous">WHAT IS THE WEATHER TODAY</sraix>#Newline    </template>,sraix.aiml
0,WHAT IS THE WEATHER TODAY *,*,*,<template>#Newline      <sraix service="pannous">WHAT IS THE WEATHER TODAY <star/></sraix>#Newline    </template>,sraix.aiml
0,WHAT IS THE WEATHER GOING TO BE *,*,*,<template>#Newline      <sraix service="pannous">WHAT IS THE WEATHER GOING TO BE <star/></sraix>#Newline    </template>,sraix.aiml
0,WHAT IS THE WEATHER GOING TO BE LIKE TODAY,*,*,<template>#Newline      <sraix service="pannous">WHAT IS THE WEATHER GOING TO BE LIKE TODAY</sraix>#Newline    </template>,sraix.aiml
0,WHAT IS THE WEATHER GOING TO BE LIKE IN *,*,*,<template>#Newline      <sraix service="pannous">WHAT IS THE WEATHER GOING TO BE LIKE IN <star/></sraix>#Newline    </template>,sraix.aiml
0,WHAT IS THE WEATHER IN PARIS,*,*,<template>#Newline      <sraix service="pannous">WHAT IS THE WEATHER IN PARIS</sraix>#Newline    </template>,sraix.aiml
0,WHAT IS THE WEATHER IN *,*,*,<template>#Newline      <sraix service="pannous">WHAT IS THE WEATHER IN <star/></sraix>#Newline    </template>,sraix.aiml
0,WHAT IS THE WEATHER IN LONDON,*,*,<template>#Newline      <sraix service="pannous">WHAT IS THE WEATHER IN LONDON</sraix>#Newline    </template>,sraix.aiml
0,WHAT IS THE WEATHER *,*,*,<template>#Newline      <sraix service="pannous">WHAT IS THE WEATHER <star/></sraix>#Newline    </template>,sraix.aiml
0,WHAT IS THE WEATHER LIKE,*,*,<template>#Newline      <sraix service="pannous">WHAT IS THE WEATHER LIKE</sraix>#Newline    </template>,sraix.aiml
0,WHAT IS THE WEATHER LIKE FOR TODAY,*,*,<template>#Newline      <sraix service="pannous">WHAT IS THE WEATHER LIKE FOR TODAY</sraix>#Newline    </template>,sraix.aiml
0,WHAT IS THE WEATHER LIKE FOR TOMORROW,*,*,<template>#Newline      <sraix service="pannous">WHAT IS THE WEATHER LIKE FOR TOMORROW</sraix>#Newline    </template>,sraix.aiml
0,WHAT IS THE WEATHER LIKE TODAY,*,*,<template>#Newline      <sraix service="pannous">WHAT IS THE WEATHER LIKE TODAY</sraix>#Newline    </template>,sraix.aiml
0,WHAT IS THE WEATHER LIKE IN NEW YORK,*,*,<template>#Newline      <sraix service="pannous">WHAT IS THE WEATHER LIKE IN NEW YORK</sraix>#Newline    </template>,sraix.aiml
0,WHAT IS THE WEATHER LIKE IN *,*,*,<template>#Newline      <sraix service="pannous">WHAT IS THE WEATHER LIKE IN <star/></sraix>#Newline    </template>,sraix.aiml
0,WHAT IS THE WEATHER LIKE *,*,*,<template>#Newline      <sraix service="pannous">WHAT IS THE WEATHER LIKE <star/></sraix>#Newline    </template>,sraix.aiml
0,WHAT IS THE WEATHER LIKE HERE,*,*,<template>#Newline      <sraix service="pannous">WHAT IS THE WEATHER LIKE HERE</sraix>#Newline    </template>,sraix.aiml
0,WHAT IS THE WEATHER LIKE OUTSIDE,*,*,<template>#Newline      <sraix service="pannous">WHAT IS THE WEATHER LIKE OUTSIDE</sraix>#Newline    </template>,sraix.aiml
0,WHAT IS THE WEATHER LIKE TOMORROW,*,*,<template>#Newline      <sraix service="pannous">WHAT IS THE WEATHER LIKE TOMORROW</sraix>#Newline    </template>,sraix.aiml
0,WHAT IS THE WEATHER TOMORROW,*,*,<template>#Newline      <sraix service="pannous">WHAT IS THE WEATHER TOMORROW</sraix>#Newline    </template>,sraix.aiml
0,WHAT IS THE WEATHER OUTSIDE,*,*,<template>#Newline      <sraix service="pannous">WHAT IS THE WEATHER OUTSIDE</sraix>#Newline    </template>,sraix.aiml
0,WHAT IS THE CAPITAL OF CHINA,*,*,<template>#Newline      <sraix service="pannous">WHAT IS THE CAPITAL OF CHINA</sraix>#Newline    </template>,sraix.aiml
0,WHAT IS THE CAPITAL OF *,*,*,<template>#Newline      <sraix service="pannous">WHAT IS THE CAPITAL OF <star/></sraix>#Newline    </template>,sraix.aiml
0,WHAT IS THE CAPITAL OF INDIA,*,*,<template>#Newline      <sraix service="pannous">WHAT IS THE CAPITAL OF INDIA</sraix>#Newline    </template>,sraix.aiml
0,WHAT IS THE CAPITAL OF PAKISTAN,*,*,<template>#Newline      <sraix service="pannous">WHAT IS THE CAPITAL OF PAKISTAN</sraix>#Newline    </template>,sraix.aiml
0,WHAT IS THE CAPITAL CITY OF *,*,*,<template>#Newline      <sraix service="pannous">WHAT IS THE CAPITAL CITY OF <star/></sraix>#Newline    </template>,sraix.aiml
0,WHAT IS THE CURRENT WEATHER,*,*,<template>#Newline      <sraix service="pannous">WHAT IS THE CURRENT WEATHER</sraix>#Newline    </template>,sraix.aiml
0,WHAT IS THE CURRENT *,*,*,<template>#Newline      <sraix service="pannous">WHAT IS THE CURRENT <star/></sraix>#Newline    </template>,sraix.aiml
0,WHAT IS THE HISTORY OF *,*,*,<template>#Newline      <sraix service="pannous">WHAT IS THE HISTORY OF <star/></sraix>#Newline    </template>,sraix.aiml
0,WHAT IS THE INTERNET,*,*,<template>#Newline      <sraix service="pannous">WHAT IS THE INTERNET</sraix>#Newline    </template>,sraix.aiml
0,WHAT IS THE BIGGEST *,*,*,<template>#Newline      <sraix service="pannous">WHAT IS THE BIGGEST <star/></sraix>#Newline    </template>,sraix.aiml
0,WHAT IS THE TIME IN *,*,*,<template>#Newline      <sraix service="pannous">WHAT IS THE TIME IN <star/></sraix>#Newline    </template>,sraix.aiml
0,WHAT IS THE DISTANCE *,*,*,<template>#Newline      <sraix service="pannous">WHAT IS THE DISTANCE <star/></sraix>#Newline    </template>,sraix.aiml
0,WHAT IS THE DISTANCE TO THE MOON,*,*,<template>#Newline      <sraix service="pannous">WHAT IS THE DISTANCE TO THE MOON</sraix>#Newline    </template>,sraix.aiml
0,WHAT IS THE NAME OF *,*,*,<template>#Newline      <sraix service="pannous">WHAT IS THE NAME OF <star/></sraix>#Newline    </template>,sraix.aiml
0,WHAT IS THE NAME OF <SET>ARTICLE</SET> *,*,*,<template>#Newline      <sraix service="pannous">WHAT IS THE NAME OF <star/> <star index="2"/></sraix>#Newline    </template>,sraix.aiml
0,WHAT IS THE FULL FORM OF *,*,*,<template>#Newline      <sraix service="pannous">WHAT IS THE FULL FORM OF <star/></sraix>#Newline    </template>,sraix.aiml
0,WHAT IS THE PERFECT *,*,*,<template>#Newline      <sraix service="pannous">WHAT IS THE PERFECT <star/></sraix>#Newline    </template>,sraix.aiml
0,WHAT IS THE SPEED OF LIGHT,*,*,<template>#Newline      <sraix service="pannous">WHAT IS THE SPEED OF LIGHT</sraix>#Newline    </template>,sraix.aiml
0,WHAT IS THE LARGEST COMPANY,*,*,<template>#Newline      <sraix service="pannous">WHAT IS THE LARGEST COMPANY</sraix>#Newline    </template>,sraix.aiml
0,WHAT IS THE AVERAGE *,*,*,<template>#Newline      <sraix service="pannous">WHAT IS THE AVERAGE <star/></sraix>#Newline    </template>,sraix.aiml
0,WHAT IS THE TALLEST BUILDING IN THE WORLD,*,*,<template>#Newline      <sraix service="pannous">WHAT IS THE TALLEST BUILDING IN THE WORLD</sraix>#Newline    </template>,sraix.aiml
0,WHAT IS THE HIGHEST *,*,*,<template>#Newline      <sraix service="pannous">WHAT IS THE HIGHEST <star/></sraix>#Newline    </template>,sraix.aiml
0,WHAT IS THE HIGHEST MOUNTAIN IN THE WORLD,*,*,<template>#Newline      <sraix service="pannous">WHAT IS THE HIGHEST MOUNTAIN IN THE WORLD</sraix>#Newline    </template>,sraix.aiml
0,WHAT IS THE SOFTEST *,*,*,<template>#Newline      <sraix service="pannous">WHAT IS THE SOFTEST <star/></sraix>#Newline    </template>,sraix.aiml
0,WHAT IS THE NEXT *,*,*,<template>#Newline      <sraix service="pannous">WHAT IS THE NEXT <star/></sraix>#Newline    </template>,sraix.aiml
0,WHAT IS THE CURRENCY OF *,*,*,<template>#Newline      <sraix service="pannous">WHAT IS THE CURRENCY OF <star/></sraix>#Newline    </template>,sraix.aiml
0,WHAT IS THE MEANING OF LIFE,*,*,<template>#Newline      <sraix service="pannous">WHAT IS THE MEANING OF LIFE</sraix>#Newline    </template>,sraix.aiml
0,WHAT IS THE FASTEST *,*,*,<template>#Newline      <sraix service="pannous">WHAT IS THE FASTEST <star/></sraix>#Newline    </template>,sraix.aiml
0,WHAT IS THE FASTEST CAR IN THE WORLD,*,*,<template>#Newline      <sraix service="pannous">WHAT IS THE FASTEST CAR IN THE WORLD</sraix>#Newline    </template>,sraix.aiml
0,WHAT IS THE DIFFERENCE *,*,*,<template>#Newline      <sraix service="pannous">WHAT IS THE DIFFERENCE <star/></sraix>#Newline    </template>,sraix.aiml
0,WHAT IS THE DATE *,*,*,<template>#Newline      <sraix service="pannous">WHAT IS THE DATE <star/></sraix>#Newline    </template>,sraix.aiml
0,WHAT IS THE TOP *,*,*,<template>#Newline      <sraix service="pannous">WHAT IS THE TOP <star/></sraix>#Newline    </template>,sraix.aiml
0,WHAT IS THE SQUARE BEAR,*,*,<template>#Newline      <sraix service="pannous">WHAT IS THE SQUARE BEAR</sraix>#Newline    </template>,sraix.aiml
0,WHAT IS THE SQUARE ROOT *,*,*,<template>#Newline      <sraix service="pannous">WHAT IS THE SQUARE ROOT <star/></sraix>#Newline    </template>,sraix.aiml
0,WHAT IS THE POPULATION OF FRANCE,*,*,<template>#Newline      <sraix service="pannous">WHAT IS THE POPULATION OF FRANCE</sraix>#Newline    </template>,sraix.aiml
0,WHAT IS THE POPULATION OF CHINA,*,*,<template>#Newline      <sraix service="pannous">WHAT IS THE POPULATION OF CHINA</sraix>#Newline    </template>,sraix.aiml
0,WHAT IS THE POPULATION OF *,*,*,<template>#Newline      <sraix service="pannous">WHAT IS THE POPULATION OF <star/></sraix>#Newline    </template>,sraix.aiml
0,WHAT IS THE POPULATION OF UNITED STATES,*,*,<template>#Newline      <sraix service="pannous">WHAT IS THE POPULATION OF UNITED STATES</sraix>#Newline    </template>,sraix.aiml
0,WHAT IS THE SIZE OF *,*,*,<template>#Newline      <sraix service="pannous">WHAT IS THE SIZE OF <star/></sraix>#Newline    </template>,sraix.aiml
0,WHAT IS THE MOST COMMON *,*,*,<template>#Newline      <sraix service="pannous">WHAT IS THE MOST COMMON <star/></sraix>#Newline    </template>,sraix.aiml
0,WHAT IS THE MOST *,*,*,<template>#Newline      <sraix service="pannous">WHAT IS THE MOST <star/></sraix>#Newline    </template>,sraix.aiml
0,WHAT IS THE MOST IMPORTANT *,*,*,<template>#Newline      <sraix service="pannous">WHAT IS THE MOST IMPORTANT <star/></sraix>#Newline    </template>,sraix.aiml
0,WHAT IS THE <SET>ORDINAL</SET> *,*,*,<template>#Newline      <sraix service="pannous">WHAT IS THE <star/> <star index="2"/></sraix>#Newline    </template>,sraix.aiml
0,WHAT IS THE TEMPERATURE,*,*,<template>#Newline      <sraix service="pannous">WHAT IS THE TEMPERATURE</sraix>#Newline    </template>,sraix.aiml
0,WHAT IS THE TEMPERATURE IN *,*,*,<template>#Newline      <sraix service="pannous">WHAT IS THE TEMPERATURE IN <star/></sraix>#Newline    </template>,sraix.aiml
0,WHAT IS ANDROID,*,*,<template>#Newline      <sraix service="pannous">WHAT IS ANDROID</sraix>#Newline    </template>,sraix.aiml
0,WHAT IS ON *,*,*,<template>#Newline      <sraix service="pannous">WHAT IS ON <star/></sraix>#Newline    </template>,sraix.aiml
0,WHAT IS SEX,*,*,<template>#Newline      <sraix service="pannous">WHAT IS SEX</sraix>#Newline    </template>,sraix.aiml
0,WHAT IS PROCREATION,*,*,<template>#Newline      <sraix service="pannous">WHAT IS PROCREATION</sraix>#Newline    </template>,sraix.aiml
0,WHAT IS GOOGLE,*,*,<template>#Newline      <sraix service="pannous">WHAT IS GOOGLE</sraix>#Newline    </template>,sraix.aiml
0,WHAT IS TIME *,*,*,<template>#Newline      <sraix service="pannous">WHAT IS TIME <star/></sraix>#Newline    </template>,sraix.aiml
0,WHAT IS NOUN,*,*,<template>#Newline      <sraix service="pannous">WHAT IS NOUN</sraix>#Newline    </template>,sraix.aiml
0,WHAT IS LOVE,*,*,<template>#Newline      <sraix service="pannous">WHAT IS LOVE</sraix>#Newline    </template>,sraix.aiml
0,WHAT IS IN A *,*,*,<template>#Newline      <sraix service="pannous">WHAT IS IN A <star/></sraix>#Newline    </template>,sraix.aiml
0,WHAT IS IN *,*,*,<template>#Newline      <sraix service="pannous">WHAT IS IN <star/></sraix>#Newline    </template>,sraix.aiml
0,WHAT IS IN THE *,*,*,<template>#Newline      <sraix service="pannous">WHAT IS IN THE <star/></sraix>#Newline    </template>,sraix.aiml
0,WHAT IS SO SPECIAL ABOUT *,*,*,<template>#Newline      <sraix service="pannous">WHAT IS SO SPECIAL ABOUT <star/></sraix>#Newline    </template>,sraix.aiml
0,WHAT IS MARTIAL LAW,*,*,<template>#Newline      <sraix service="pannous">WHAT IS MARTIAL LAW</sraix>#Newline    </template>,sraix.aiml
0,WHAT IS EVIL *,*,*,<template>#Newline      <sraix service="pannous">WHAT IS EVIL <star/></sraix>#Newline    </template>,sraix.aiml
0,WHAT WAS *,*,*,<template>#Newline      <sraix service="pannous">WHAT WAS <star/></sraix>#Newline    </template>,sraix.aiml
0,WHAT WAS THE *,*,*,<template>#Newline      <sraix service="pannous">WHAT WAS THE <star/></sraix>#Newline    </template>,sraix.aiml
0,WHAT WAS THE FIRST *,*,*,<template>#Newline      <sraix service="pannous">WHAT WAS THE FIRST <star/></sraix>#Newline    </template>,sraix.aiml
0,WHAT CITY IS *,*,*,<template>#Newline      <sraix service="pannous">WHAT CITY IS <star/></sraix>#Newline    </template>,sraix.aiml
0,WHAT SOUND DOES A *,*,*,<template>#Newline      <sraix service="pannous">WHAT SOUND DOES A <star/></sraix>#Newline    </template>,sraix.aiml
0,WHAT SOUND DOES A DOG MAKE,*,*,<template>#Newline      <sraix service="pannous">WHAT SOUND DOES A DOG MAKE</sraix>#Newline    </template>,sraix.aiml
0,WHAT STATE *,*,*,<template>#Newline      <sraix service="pannous">WHAT STATE <star/></sraix>#Newline    </template>,sraix.aiml
0,WHAT WILL HAPPEN TO *,*,*,<template>#Newline      <sraix service="pannous">WHAT WILL HAPPEN TO <star/></sraix>#Newline    </template>,sraix.aiml
0,WHAT WILL HAPPEN *,*,*,<template>#Newline      <sraix service="pannous">WHAT WILL HAPPEN <star/></sraix>#Newline    </template>,sraix.aiml
0,WHAT WILL HAPPEN IF *,*,*,<template>#Newline      <sraix service="pannous">WHAT WILL HAPPEN IF <star/></sraix>#Newline    </template>,sraix.aiml
0,WHAT WILL BE *,*,*,<template>#Newline      <sraix service="pannous">WHAT WILL BE <star/></sraix>#Newline    </template>,sraix.aiml
0,WHAT WILL THE WEATHER BE LIKE IN *,*,*,<template>#Newline      <sraix service="pannous">WHAT WILL THE WEATHER BE LIKE IN <star/></sraix>#Newline    </template>,sraix.aiml
0,WHAT WILL THE WEATHER BE LIKE *,*,*,<template>#Newline      <sraix service="pannous">WHAT WILL THE WEATHER BE LIKE <star/></sraix>#Newline    </template>,sraix.aiml
0,WHAT WILL THE WEATHER BE LIKE TOMORROW,*,*,<template>#Newline      <sraix service="pannous">WHAT WILL THE WEATHER BE LIKE TOMORROW</sraix>#Newline    </template>,sraix.aiml
0,WHAT WOULD YOU DO IF YOU *,*,*,<template>#Newline      <sraix service="pannous">WHAT WOULD YOU DO IF YOU <star/></sraix>#Newline    </template>,sraix.aiml
0,WHAT SHOULD I DO *,*,*,<template>#Newline      <sraix service="pannous">WHAT SHOULD I DO <star/></sraix>#Newline    </template>,sraix.aiml
0,WHAT DOES <SET>ARTICLE</SET> *,*,*,<template>#Newline      <sraix service="pannous">WHAT DOES <star/> <star index="2"/></sraix>#Newline    </template>,sraix.aiml
0,WHAT DOES *,*,*,<template>#Newline      <sraix service="pannous">WHAT DOES <star/></sraix>#Newline    </template>,sraix.aiml
0,WHAT HAPPENS *,*,*,<template>#Newline      <sraix service="pannous">WHAT HAPPENS <star/></sraix>#Newline    </template>,sraix.aiml
0,WHAT MOVIES *,*,*,<template>#Newline      <sraix service="pannous">WHAT MOVIES <star/></sraix>#Newline    </template>,sraix.aiml
0,WHAT KIND OF *,*,*,<template>#Newline      <sraix service="pannous">WHAT KIND OF <star/></sraix>#Newline    </template>,sraix.aiml
0,WHAT COUNTRY *,*,*,<template>#Newline      <sraix service="pannous">WHAT COUNTRY <star/></sraix>#Newline    </template>,sraix.aiml
0,WHAT COUNTRY IS *,*,*,<template>#Newline      <sraix service="pannous">WHAT COUNTRY IS <star/></sraix>#Newline    </template>,sraix.aiml
0,WHAT PRESIDENT *,*,*,<template>#Newline      <sraix service="pannous">WHAT PRESIDENT <star/></sraix>#Newline    </template>,sraix.aiml
0,WHAT DATE *,*,*,<template>#Newline      <sraix service="pannous">WHAT DATE <star/></sraix>#Newline    </template>,sraix.aiml
0,NAME THE *,*,*,<template>#Newline      <sraix service="pannous">NAME THE <star/></sraix>#Newline    </template>,sraix.aiml
0,NAME OF *,*,*,<template>#Newline      <sraix service="pannous">NAME OF <star/></sraix>#Newline    </template>,sraix.aiml
0,NAME OF THE *,*,*,<template>#Newline      <sraix service="pannous">NAME OF THE <star/></sraix>#Newline    </template>,sraix.aiml
0,HOW LATE *,*,*,<template>#Newline      <sraix service="pannous">HOW LATE <star/></sraix>#Newline    </template>,sraix.aiml
0,HOW WILL *,*,*,<template>#Newline      <sraix service="pannous">HOW WILL <star/></sraix>#Newline    </template>,sraix.aiml
0,HOW TO MAKE *,*,*,<template>#Newline      <sraix service="pannous">HOW TO MAKE <star/></sraix>#Newline    </template>,sraix.aiml
0,HOW TO STOP *,*,*,<template>#Newline      <sraix service="pannous">HOW TO STOP <star/></sraix>#Newline    </template>,sraix.aiml
0,HOW TO GET *,*,*,<template>#Newline      <sraix service="pannous">HOW TO GET <star/></sraix>#Newline    </template>,sraix.aiml
0,HOW TO FIX A *,*,*,<template>#Newline      <sraix service="pannous">HOW TO FIX A <star/></sraix>#Newline    </template>,sraix.aiml
0,HOW TO FIX *,*,*,<template>#Newline      <sraix service="pannous">HOW TO FIX <star/></sraix>#Newline    </template>,sraix.aiml
0,HOW TO BE A *,*,*,<template>#Newline      <sraix service="pannous">HOW TO BE A <star/></sraix>#Newline    </template>,sraix.aiml
0,HOW TO BE *,*,*,<template>#Newline      <sraix service="pannous">HOW TO BE <star/></sraix>#Newline    </template>,sraix.aiml
0,HOW TO SPEAK *,*,*,<template>#Newline      <sraix service="pannous">HOW TO SPEAK <star/></sraix>#Newline    </template>,sraix.aiml
0,HOW TO STUDY *,*,*,<template>#Newline      <sraix service="pannous">HOW TO STUDY <star/></sraix>#Newline    </template>,sraix.aiml
0,HOW TO *,*,*,<template>#Newline      <sraix service="pannous">HOW TO <star/></sraix>#Newline    </template>,sraix.aiml
0,HOW WOULD *,*,*,<template>#Newline      <sraix service="pannous">HOW WOULD <star/></sraix>#Newline    </template>,sraix.aiml
0,HOW DOES <SET>ARTICLE</SET> *,*,*,<template>#Newline      <sraix service="pannous">HOW DOES <star/> <star index="2"/></sraix>#Newline    </template>,sraix.aiml
0,HOW DOES *,*,*,<template>#Newline      <sraix service="pannous">HOW DOES <star/></sraix>#Newline    </template>,sraix.aiml
0,HOW OLD *,*,*,<template>#Newline      <sraix service="pannous">HOW OLD <star/></sraix>#Newline    </template>,sraix.aiml
0,HOW OLD IS THE EARTH,*,*,<template>#Newline      <sraix service="pannous">HOW OLD IS THE EARTH</sraix>#Newline    </template>,sraix.aiml
0,HOW DO *,*,*,<template>#Newline      <sraix service="pannous">HOW DO <star/></sraix>#Newline    </template>,sraix.aiml
0,HOW DO YOU *,*,*,<template>#Newline      <sraix service="pannous">HOW DO YOU <star/></sraix>#Newline    </template>,sraix.aiml
0,HOW DO YOU EAT *,*,*,<template>#Newline      <sraix service="pannous">HOW DO YOU EAT <star/></sraix>#Newline    </template>,sraix.aiml
0,HOW DO YOU MAKE A *,*,*,<template>#Newline      <sraix service="pannous">HOW DO YOU MAKE A <star/></sraix>#Newline    </template>,sraix.aiml
0,HOW DO YOU MAKE *,*,*,<template>#Newline      <sraix service="pannous">HOW DO YOU MAKE <star/></sraix>#Newline    </template>,sraix.aiml
0,HOW DO YOU GET *,*,*,<template>#Newline      <sraix service="pannous">HOW DO YOU GET <star/></sraix>#Newline    </template>,sraix.aiml
0,HOW DO YOU GET RID OF *,*,*,<template>#Newline      <sraix service="pannous">HOW DO YOU GET RID OF <star/></sraix>#Newline    </template>,sraix.aiml
0,HOW DO YOU COOK *,*,*,<template>#Newline      <sraix service="pannous">HOW DO YOU COOK <star/></sraix>#Newline    </template>,sraix.aiml
0,HOW DO I FIND *,*,*,<template>#Newline      <sraix service="pannous">HOW DO I FIND <star/></sraix>#Newline    </template>,sraix.aiml
0,HOW DO I MAKE MY *,*,*,<template>#Newline      <sraix service="pannous">HOW DO I MAKE MY <star/></sraix>#Newline    </template>,sraix.aiml
0,HOW DO I MAKE A *,*,*,<template>#Newline      <sraix service="pannous">HOW DO I MAKE A <star/></sraix>#Newline    </template>,sraix.aiml
0,HOW DO I GET *,*,*,<template>#Newline      <sraix service="pannous">HOW DO I GET <star/></sraix>#Newline    </template>,sraix.aiml
0,HOW DO I *,*,*,<template>#Newline      <sraix service="pannous">HOW TO <star/></sraix>#Newline    </template>,sraix.aiml
0,HOW DO I TELL *,*,*,<template>#Newline      <sraix service="pannous">HOW DO I TELL <star/></sraix>#Newline    </template>,sraix.aiml
0,HOW FAST *,*,*,<template>#Newline      <sraix service="pannous">HOW FAST <star/></sraix>#Newline    </template>,sraix.aiml
0,HOW FAST IS A *,*,*,<template>#Newline      <sraix service="pannous">HOW FAST IS A <star/></sraix>#Newline    </template>,sraix.aiml
0,HOW FAST IS *,*,*,<template>#Newline      <sraix service="pannous">HOW FAST IS <star/></sraix>#Newline    </template>,sraix.aiml
0,HOW FAR AWAY IS *,*,*,<template>#Newline      <sraix service="pannous">HOW FAR AWAY IS <star/></sraix>#Newline    </template>,sraix.aiml
0,HOW FAR AWAY IS THE MOON,*,*,<template>#Newline      <sraix service="pannous">HOW FAR AWAY IS THE MOON</sraix>#Newline    </template>,sraix.aiml
0,HOW FAR AWAY IS THE SUN,*,*,<template>#Newline      <sraix service="pannous">HOW FAR AWAY IS THE SUN</sraix>#Newline    </template>,sraix.aiml
0,HOW FAR *,*,*,<template>#Newline      <sraix service="pannous">HOW FAR <star/></sraix>#Newline    </template>,sraix.aiml
0,HOW FAR IS THE MOON,*,*,<template>#Newline      <sraix service="pannous">HOW FAR IS THE MOON</sraix>#Newline    </template>,sraix.aiml
0,HOW FAR IS THE *,*,*,<template>#Newline      <sraix service="pannous">HOW FAR IS THE <star/></sraix>#Newline    </template>,sraix.aiml
0,HOW FAR IS IT TO THE MOON,*,*,<template>#Newline      <sraix service="pannous">HOW FAR IS IT TO THE MOON</sraix>#Newline    </template>,sraix.aiml
0,HOW DID *,*,*,<template>#Newline      <sraix service="pannous">HOW DID <star/></sraix>#Newline    </template>,sraix.aiml
0,HOW MANY DAYS *,*,*,<template>#Newline      <sraix service="pannous">HOW MANY DAYS <star/></sraix>#Newline    </template>,sraix.aiml
0,HOW MANY FEET ARE IN A MILE,*,*,<template>#Newline      <sraix service="pannous">HOW MANY FEET ARE IN A MILE</sraix>#Newline    </template>,sraix.aiml
0,HOW MANY FEET *,*,*,<template>#Newline      <sraix service="pannous">HOW MANY FEET <star/></sraix>#Newline    </template>,sraix.aiml
0,HOW MANY MORE *,*,*,<template>#Newline      <sraix service="pannous">HOW MANY MORE <star/></sraix>#Newline    </template>,sraix.aiml
0,HOW MANY *,*,*,<template>#Newline      <sraix service="pannous">HOW MANY <star/></sraix>#Newline    </template>,sraix.aiml
0,HOW MANY CALORIES ARE IN *,*,*,<template>#Newline      <sraix service="pannous">HOW MANY CALORIES ARE IN <star/></sraix>#Newline    </template>,sraix.aiml
0,HOW MANY CALORIES IN A *,*,*,<template>#Newline      <sraix service="pannous">HOW MANY CALORIES IN A <star/></sraix>#Newline    </template>,sraix.aiml
0,HOW MANY CALORIES *,*,*,<template>#Newline      <sraix service="pannous">HOW MANY CALORIES <star/></sraix>#Newline    </template>,sraix.aiml
0,HOW MANY TIMES *,*,*,<template>#Newline      <sraix service="pannous">HOW MANY TIMES <star/></sraix>#Newline    </template>,sraix.aiml
0,HOW MANY PEOPLE *,*,*,<template>#Newline      <sraix service="pannous">HOW MANY PEOPLE <star/></sraix>#Newline    </template>,sraix.aiml
0,HOW MANY YEARS *,*,*,<template>#Newline      <sraix service="pannous">HOW MANY YEARS <star/></sraix>#Newline    </template>,sraix.aiml
0,HOW MANY MILES *,*,*,<template>#Newline      <sraix service="pannous">HOW MANY MILES <star/></sraix>#Newline    </template>,sraix.aiml
0,HOW MANY HOURS *,*,*,<template>#Newline      <sraix service="pannous">HOW MANY HOURS <star/></sraix>#Newline    </template>,sraix.aiml
0,HOW CAN A *,*,*,<template>#Newline      <sraix service="pannous">HOW CAN A <star/></sraix>#Newline    </template>,sraix.aiml
0,HOW CAN WE *,*,*,<template>#Newline      <sraix service="pannous">HOW CAN WE <star/></sraix>#Newline    </template>,sraix.aiml
0,HOW CAN *,*,*,<template>#Newline      <sraix service="pannous">HOW CAN <star/></sraix>#Newline    </template>,sraix.aiml
0,HOW CAN YOU *,*,*,<template>#Newline      <sraix service="pannous">HOW CAN YOU <star/></sraix>#Newline    </template>,sraix.aiml
0,HOW CAN YOU TELL *,*,*,<template>#Newline      <sraix service="pannous">HOW CAN YOU TELL <star/></sraix>#Newline    </template>,sraix.aiml
0,HOW CAN I MAKE *,*,*,<template>#Newline      <sraix service="pannous">HOW CAN I MAKE <star/></sraix>#Newline    </template>,sraix.aiml
0,HOW CAN I DO *,*,*,<template>#Newline      <sraix service="pannous">HOW CAN I DO <star/></sraix>#Newline    </template>,sraix.aiml
0,HOW CAN I IMPROVE MY ENGLISH,*,*,<template>#Newline      <sraix service="pannous">HOW CAN I IMPROVE MY ENGLISH</sraix>#Newline    </template>,sraix.aiml
0,HOW CAN I IMPROVE MY *,*,*,<template>#Newline      <sraix service="pannous">HOW CAN I IMPROVE MY <star/></sraix>#Newline    </template>,sraix.aiml
0,HOW CAN I GET MY *,*,*,<template>#Newline      <sraix service="pannous">HOW CAN I GET MY <star/></sraix>#Newline    </template>,sraix.aiml
0,HOW CAN I GET A *,*,*,<template>#Newline      <sraix service="pannous">HOW CAN I GET A <star/></sraix>#Newline    </template>,sraix.aiml
0,HOW CAN I GO TO *,*,*,<template>#Newline      <sraix service="pannous">HOW CAN I GO TO <star/></sraix>#Newline    </template>,sraix.aiml
0,HOW CAN I *,*,*,<template>#Newline      <sraix service="pannous">HOW CAN I <star/></sraix>#Newline    </template>,sraix.aiml
0,HOW CAN I KILL *,*,*,<template>#Newline      <sraix service="pannous">HOW CAN I KILL <star/></sraix>#Newline    </template>,sraix.aiml
0,HOW COULD I *,*,*,<template>#Newline      <sraix service="pannous">HOW COULD I <star/></sraix>#Newline    </template>,sraix.aiml
0,HOW ARE *,*,*,<template>#Newline      <sraix service="pannous">HOW ARE <star/></sraix>#Newline    </template>,sraix.aiml
0,HOW ARE THE *,*,*,<template>#Newline      <sraix service="pannous">HOW ARE THE <star/></sraix>#Newline    </template>,sraix.aiml
0,HOW *,*,*,<template>#Newline      <sraix service="pannous">HOW <star/></sraix>#Newline    </template>,sraix.aiml
0,HOW HIGH IS *,*,*,<template>#Newline      <sraix service="pannous">HOW HIGH IS <star/></sraix>#Newline    </template>,sraix.aiml
0,HOW DEEP IS THE *,*,*,<template>#Newline      <sraix service="pannous">HOW DEEP IS THE <star/></sraix>#Newline    </template>,sraix.aiml
0,HOW IS *,*,*,<template>#Newline      <sraix service="pannous">HOW IS <star/></sraix>#Newline    </template>,sraix.aiml
0,HOW IS THE WEATHER,*,*,<template>#Newline      <sraix service="pannous">HOW IS THE WEATHER</sraix>#Newline    </template>,sraix.aiml
0,HOW IS THE WEATHER *,*,*,<template>#Newline      <sraix service="pannous">HOW IS THE WEATHER <star/></sraix>#Newline    </template>,sraix.aiml
0,HOW IS THE WEATHER LIKE TODAY IN NEW DELHI,*,*,<template>#Newline      <sraix service="pannous">HOW IS THE WEATHER LIKE TODAY IN NEW DELHI</sraix>#Newline    </template>,sraix.aiml
0,HOW IS THE WEATHER LIKE TODAY IN *,*,*,<template>#Newline      <sraix service="pannous">HOW IS THE WEATHER LIKE TODAY IN <star/></sraix>#Newline    </template>,sraix.aiml
0,HOW TALL *,*,*,<template>#Newline      <sraix service="pannous">HOW TALL <star/></sraix>#Newline    </template>,sraix.aiml
0,HOW TALL IS *,*,*,<template>#Newline      <sraix service="pannous">HOW TALL IS <star/></sraix>#Newline    </template>,sraix.aiml
0,HOW TALL IS THE *,*,*,<template>#Newline      <sraix service="pannous">HOW TALL IS THE <star/></sraix>#Newline    </template>,sraix.aiml
0,HOW LONG DO *,*,*,<template>#Newline      <sraix service="pannous">HOW LONG DO <star/></sraix>#Newline    </template>,sraix.aiml
0,HOW LONG WILL I LIVE,*,*,<template>#Newline      <sraix service="pannous">HOW LONG WILL I LIVE</sraix>#Newline    </template>,sraix.aiml
0,HOW LONG *,*,*,<template>#Newline      <sraix service="pannous">HOW LONG <star/></sraix>#Newline    </template>,sraix.aiml
0,HOW LONG WOULD *,*,*,<template>#Newline      <sraix service="pannous">HOW LONG WOULD <star/></sraix>#Newline    </template>,sraix.aiml
0,HOW LONG IS *,*,*,<template>#Newline      <sraix service="pannous">HOW LONG IS <star/></sraix>#Newline    </template>,sraix.aiml
0,HOW LONG IS THE *,*,*,<template>#Newline      <sraix service="pannous">HOW LONG IS THE <star/></sraix>#Newline    </template>,sraix.aiml
0,HOW LONG IS IT *,*,*,<template>#Newline      <sraix service="pannous">HOW LONG IS IT <star/></sraix>#Newline    </template>,sraix.aiml
0,HOW LONG DOES IT TAKE *,*,*,<template>#Newline      <sraix service="pannous">HOW LONG DOES IT TAKE <star/></sraix>#Newline    </template>,sraix.aiml
0,HOW LONG DOES IT TAKE TO *,*,*,<template>#Newline      <sraix service="pannous">HOW LONG DOES IT TAKE TO <star/></sraix>#Newline    </template>,sraix.aiml
0,HOW MUCH ARE *,*,*,<template>#Newline      <sraix service="pannous">HOW MUCH ARE <star/></sraix>#Newline    </template>,sraix.aiml
0,HOW MUCH MONEY *,*,*,<template>#Newline      <sraix service="pannous">HOW MUCH MONEY <star/></sraix>#Newline    </template>,sraix.aiml
0,HOW MUCH MONEY DOES *,*,*,<template>#Newline      <sraix service="pannous">HOW MUCH MONEY DOES <star/></sraix>#Newline    </template>,sraix.aiml
0,HOW MUCH *,*,*,<template>#Newline      <sraix service="pannous">HOW MUCH <star/></sraix>#Newline    </template>,sraix.aiml
0,HOW MUCH IS A *,*,*,<template>#Newline      <sraix service="pannous">HOW MUCH IS A <star/></sraix>#Newline    </template>,sraix.aiml
0,HOW MUCH IS THE *,*,*,<template>#Newline      <sraix service="pannous">HOW MUCH IS THE <star/></sraix>#Newline    </template>,sraix.aiml
0,HOW MUCH DOES A *,*,*,<template>#Newline      <sraix service="pannous">HOW MUCH DOES A <star/></sraix>#Newline    </template>,sraix.aiml
0,HOW MUCH DOES *,*,*,<template>#Newline      <sraix service="pannous">HOW MUCH DOES <star/></sraix>#Newline    </template>,sraix.aiml
0,HOW BIG ARE *,*,*,<template>#Newline      <sraix service="pannous">HOW BIG ARE <star/></sraix>#Newline    </template>,sraix.aiml
0,HOW BIG IS *,*,*,<template>#Newline      <sraix service="pannous">HOW BIG IS <star/></sraix>#Newline    </template>,sraix.aiml
0,HOW BIG IS THE *,*,*,<template>#Newline      <sraix service="pannous">HOW BIG IS THE <star/></sraix>#Newline    </template>,sraix.aiml
0,IN WHICH *,*,*,<template>#Newline      <sraix service="pannous">IN WHICH <star/></sraix>#Newline    </template>,sraix.aiml
0,WHAT WORD *,*,*,<template>#Newline      <sraix service="pannous">WHAT WORD <star/></sraix>#Newline    </template>,sraix.aiml
0,WERE *,*,*,<template>#Newline      <sraix service="pannous">WERE <star/></sraix>#Newline    </template>,sraix.aiml
0,WHAT TYPE OF *,*,*,<template>#Newline      <sraix service="pannous">WHAT TYPE OF <star/></sraix>#Newline    </template>,sraix.aiml
0,WHO INVENTED THE *,*,*,<template>#Newline      <sraix service="pannous">WHO INVENTED THE <star/></sraix>#Newline    </template>,sraix.aiml
0,WHICH IS THE BEST *,*,*,<template>#Newline      <sraix service="pannous">WHICH IS THE BEST <star/></sraix>#Newline    </template>,sraix.aiml
0,SPORTS *,*,*,<template>#Newline      <sraix service="pannous">WHAT IS THE LATEST SPORTS <star/></sraix>#Newline    </template>,sraix.aiml
0,SET * ALARM *,*,*,<template>#Newline      <sraix service="pannous">SET <star/> ALARM <star index="2"/></sraix>#Newline    </template>,sraix.aiml
0,WHAT IS THE WEATHER FORECAST,*,*,<template>#Newline      <sraix service="pannous">WHAT IS THE WEATHER FORECAST</sraix>#Newline    </template>,sraix.aiml
0,WEATHER FOR *,*,*,<template>#Newline      <sraix service="pannous">WHAT IS THE WEATHER FOR <star/></sraix>#Newline    </template>,sraix.aiml
0,HOW MUCH DO * COST,*,*,<template>#Newline      <sraix service="pannous">HOW MUCH DO <star/> COST</sraix>#Newline    </template>,sraix.aiml
0,HOW DO I MAKE *,*,*,<template>#Newline      <sraix service="pannous">HOW DO I MAKE <star/></sraix>#Newline    </template>,sraix.aiml
0,WHAT DAY *,*,*,<template>#Newline      <sraix service="pannous">WHAT DAY <star/></sraix>#Newline    </template>,sraix.aiml
0,WHEN WAS THE *,*,*,<template>#Newline      <sraix service="pannous">WHEN WAS THE <star/></sraix>#Newline    </template>,sraix.aiml
0,WHAT COLOR IS *,*,*,<template>#Newline      <sraix service="pannous">WHAT COLOR IS <star/></sraix>#Newline    </template>,sraix.aiml
0,HOW OLD IS THE *,*,*,<template>#Newline      <sraix service="pannous">HOW OLD IS THE <star/></sraix>#Newline    </template>,sraix.aiml
0,WHO SAID *,*,*,<template>#Newline      <sraix service="pannous">WHO SAID <star/></sraix>#Newline    </template>,sraix.aiml
0,WHERE IN *,*,*,<template>#Newline      <sraix service="pannous">WHERE IN <star/></sraix>#Newline    </template>,sraix.aiml
0,WHAT IS A,*,*,<template>#Newline      <sraix service="pannous">WHAT IS A</sraix>#Newline    </template>,sraix.aiml
0,WHAT TO DO *,*,*,<template>#Newline      <sraix service="pannous">WHAT TO DO <star/></sraix>#Newline    </template>,sraix.aiml
0,DID THE *,*,*,<template>#Newline      <sraix service="pannous">DID THE <star/></sraix>#Newline    </template>,sraix.aiml
0,WHAT IS THE,*,*,<template>#Newline      <sraix service="pannous">WHAT IS THE</sraix>#Newline    </template>,sraix.aiml
0,HOW MANY CALORIES ARE IN A *,*,*,<template>#Newline      <sraix service="pannous">HOW MANY CALORIES ARE IN A <star/></sraix>#Newline    </template>,sraix.aiml
0,WHAT BOOK *,*,*,<template>#Newline      <sraix service="pannous">WHAT BOOK <star/></sraix>#Newline    </template>,sraix.aiml
0,WHY DID THEY *,*,*,<template>#Newline      <sraix service="pannous">WHY DID THEY <star/></sraix>#Newline    </template>,sraix.aiml
0,WHICH IS *,*,*,<template>#Newline      <sraix service="pannous">WHICH IS <star/></sraix>#Newline    </template>,sraix.aiml
0,WHEN DOES THE *,*,*,<template>#Newline      <sraix service="pannous">WHEN DOES THE <star/></sraix>#Newline    </template>,sraix.aiml
0,WHAT CAN I DO *,*,*,<template>#Newline      <sraix service="pannous">WHAT CAN I DO <star/></sraix>#Newline    </template>,sraix.aiml
0,HOW OLD ARE *,*,*,<template>#Newline      <sraix service="pannous">HOW OLD ARE <star/></sraix>#Newline    </template>,sraix.aiml
0,CONVERT *,*,*,<template>#Newline      <sraix service="pannous">CONVERT <star/></sraix>#Newline    </template>,sraix.aiml
0,WHEN IS THE NEXT *,*,*,<template>#Newline      <sraix service="pannous">WHEN IS THE NEXT <star/></sraix>#Newline    </template>,sraix.aiml
0,WHAT IS THE LARGEST *,*,*,<template>#Newline      <sraix service="pannous">WHAT IS THE LARGEST <star/></sraix>#Newline    </template>,sraix.aiml
0,WHAT MOVIES ARE *,*,*,<template>#Newline      <sraix service="pannous">WHAT MOVIES ARE <star/></sraix>#Newline    </template>,sraix.aiml
0,HOW MANY STARS *,*,*,<template>#Newline      <sraix service="pannous">HOW MANY STARS <star/></sraix>#Newline    </template>,sraix.aiml
0,WHAT DO THE *,*,*,<template>#Newline      <sraix service="pannous">WHAT DO THE <star/></sraix>#Newline    </template>,sraix.aiml
0,WHAT IS ON TV TONIGHT,*,*,<template>#Newline      <sraix service="pannous">WHAT IS ON TV TONIGHT</sraix>#Newline    </template>,sraix.aiml
0,WHAT IS THE SCORE OF THE *,*,*,<template>#Newline      <sraix service="pannous">WHAT IS THE SCORE OF THE <star/></sraix>#Newline    </template>,sraix.aiml
0,WHAT IS THE PRICE OF GOLD,*,*,<template>#Newline      <sraix service="pannous">WHAT IS THE PRICE OF GOLD</sraix>#Newline    </template>,sraix.aiml
0,WHO WON *,*,*,<template>#Newline      <sraix service="pannous">WHO WON <star/></sraix>#Newline    </template>,sraix.aiml
0,WHERE WAS THE *,*,*,<template>#Newline      <sraix service="pannous">WHERE WAS THE <star/></sraix>#Newline    </template>,sraix.aiml
0,WHO HAS THE BEST *,*,*,<template>#Newline      <sraix service="pannous">WHO HAS THE BEST <star/></sraix>#Newline    </template>,sraix.aiml
0,HOW IS <SET>ARTICLE</SET> *,*,*,<template>#Newline      <sraix service="pannous">HOW IS A <star/></sraix>#Newline    </template>,sraix.aiml
0,WHAT IS THE LONGEST *,*,*,<template>#Newline      <sraix service="pannous">WHAT IS THE LONGEST <star/></sraix>#Newline    </template>,sraix.aiml
0,WHAT IS THE HARDEST *,*,*,<template>#Newline      <sraix service="pannous">WHAT IS THE HARDEST <star/></sraix>#Newline    </template>,sraix.aiml
0,WHO IS DAVID CAMERON,*,*,<template>#Newline      <sraix service="pannous">WHO IS DAVID CAMERON</sraix>#Newline    </template>,sraix.aiml
0,WHAT MAKES *,*,*,<template>#Newline      <sraix service="pannous">WHAT MAKES <star/></sraix>#Newline    </template>,sraix.aiml
0,WHO CREATED *,*,*,<template>#Newline      <sraix service="pannous">WHO CREATED <star/></sraix>#Newline    </template>,sraix.aiml
0,WHAT MAKES A *,*,*,<template>#Newline      <sraix service="pannous">WHAT MAKES A <star/></sraix>#Newline    </template>,sraix.aiml
0,WHAT IS THE RECIPE FOR *,*,*,<template>#Newline      <sraix service="pannous">WHAT IS THE RECIPE FOR <star/></sraix>#Newline    </template>,sraix.aiml
0,HOW OLD IS BARACK OBAMA,*,*,<template>#Newline      <sraix service="pannous">HOW OLD IS BARACK OBAMA</sraix>#Newline    </template>,sraix.aiml
0,HOW DO YOU PLAY *,*,*,<template>#Newline      <sraix service="pannous">HOW DO YOU PLAY <star/></sraix>#Newline    </template>,sraix.aiml
0,WHO IS BOB *,*,*,<template>#Newline      <sraix service="pannous">WHO IS BOB <star/></sraix>#Newline    </template>,sraix.aiml
0,IS THERE AN *,*,*,<template>#Newline      <sraix service="pannous">IS THERE AN <star/></sraix>#Newline    </template>,sraix.aiml
0,IS THE *,*,*,<template>#Newline      <sraix service="pannous">IS THE <star/></sraix>#Newline    </template>,sraix.aiml
0,WHAT NEW *,*,*,<template>#Newline      <sraix service="pannous">WHAT NEW <star/></sraix>#Newline    </template>,sraix.aiml
0,WHAT COLOR IS A *,*,*,<template>#Newline      <sraix service="pannous">WHAT COLOR IS A <star/></sraix>#Newline    </template>,sraix.aiml
0,HOW MUCH CAFFEINE IS IN *,*,*,<template>#Newline      <sraix service="pannous">HOW MUCH CAFFEINE IS IN <star/></sraix>#Newline    </template>,sraix.aiml
0,HOW MANY MOONS *,*,*,<template>#Newline      <sraix service="pannous">HOW MANY MOONS <star/></sraix>#Newline    </template>,sraix.aiml
0,WHO IS THE PRIME MINISTER OF INDIA,*,*,<template>#Newline      <sraix service="pannous">WHO IS THE PRIME MINISTER OF INDIA</sraix>#Newline    </template>,sraix.aiml
0,WHY DO WE *,*,*,<template>#Newline      <sraix service="pannous">WHY DO WE <star/></sraix>#Newline    </template>,sraix.aiml
0,HOW DO YOU FIND *,*,*,<template>#Newline      <sraix services="pannous">HOW DO YOU FIND <star/></sraix>#Newline    </template>,sraix.aiml
